Date,HadCRUT_RawTemperature,HadCRUT_Temp,GISTEMP_RawTemperature,GISTEMP_Temp,NOAA_RawTemperature,NOAA_Temp,Berkeley_RawTemperature,Berkeley_Temp,ERA5_RawTemperature,ERA5_Temp,ONI_Anomaly
1850-01-01,-0.7336947,-0.37378982272666667,,,-1.040847,-0.26381360833333334,-0.367,-0.13510500000000003,,,
1850-02-01,-0.36043638,-0.0005315027266666328,,,-0.772015,0.005018391666666733,-0.421,-0.18910500000000002,,,
1850-03-01,-0.62713146,-0.2672265827266666,,,-0.848194,-0.07116060833333326,-0.234,-0.0021050000000000513,,,
1850-04-01,-0.60529697,-0.24539209272666668,,,-0.984869,-0.20783560833333325,-0.761,-0.529105,,,
1850-05-01,-0.5315168,-0.17161192272666664,,,-0.834049,-0.0570156083333333,-0.291,-0.05910500000000002,,,
1850-06-01,-0.35174996,0.008154917273333395,,,-0.614886,0.1621473916666667,-0.267,-0.03510500000000005,,,
1850-07-01,-0.17554672,0.18435815727333338,,,-0.527038,0.24999539166666673,-0.191,0.04089499999999996,,,
1850-08-01,-0.22345923,0.13644564727333336,,,-0.601946,0.17508739166666676,-0.191,0.04089499999999996,,,
1850-09-01,-0.39381364,-0.03390876272666665,,,-0.681763,0.09527039166666673,-0.284,-0.05210500000000001,,,
1850-10-01,-0.5161555,-0.15625062272666662,,,-0.808009,-0.030975608333333238,-0.244,-0.012105000000000032,,,
1850-11-01,-0.27654734,0.08335753727333339,,,-0.728925,0.048108391666666694,-0.131,0.10089499999999996,,,
1850-12-01,-0.32244864,0.03745623727333336,,,-0.636242,0.14079139166666677,-0.466,-0.23410500000000006,,,
1851-01-01,-0.26558566,0.09431921727333337,,,-0.765473,0.01156039166666678,-0.391,-0.15910500000000005,,,
1851-02-01,-0.4673408,-0.10743592272666663,,,-0.727565,0.04946839166666672,-0.304,-0.07210500000000003,,,
1851-03-01,-0.6410053,-0.28110042272666663,,,-0.877555,-0.10052160833333323,-0.339,-0.10710500000000006,,,
1851-04-01,-0.52828664,-0.16838176272666666,,,-0.938953,-0.1619196083333333,-0.596,-0.364105,,,
1851-05-01,-0.22183678,0.13806809727333336,,,-0.772393,0.004640391666666743,-0.264,-0.03210500000000005,,,
1851-06-01,-0.20733659,0.15256828727333338,,,-0.577613,0.1994203916666667,-0.139,0.09289499999999995,,,
1851-07-01,-0.13640964,0.22349523727333337,,,-0.428294,0.34873939166666673,-0.122,0.10989499999999996,,,
1851-08-01,-0.14756347,0.21234140727333337,,,-0.403912,0.37312139166666675,-0.291,-0.05910500000000002,,,
1851-09-01,-0.1459551,0.21394977727333336,,,-0.605715,0.17131839166666674,-0.168,0.06389499999999995,,,
1851-10-01,-0.04530318,0.31460169727333337,,,-0.562996,0.2140373916666667,-0.085,0.14689499999999994,,,
1851-11-01,-0.10766979,0.2522350872733334,,,-0.637064,0.13996939166666678,-0.157,0.07489499999999996,,,
1851-12-01,-0.24792688,0.11197799727333338,,,-0.620346,0.1566873916666668,-0.121,0.11089499999999997,,,
1852-01-01,-0.34589827,0.01400660727333336,,,-0.664303,0.11273039166666676,-0.283,-0.05110500000000001,,,
1852-02-01,-0.49635816,-0.13645328272666662,,,-0.856391,-0.07935760833333327,-0.307,-0.07510500000000003,,,
1852-03-01,-0.5669252,-0.20702032272666665,,,-0.94891,-0.1718766083333333,-0.538,-0.30610500000000007,,,
1852-04-01,-0.5746308,-0.21472592272666663,,,-0.80069,-0.023656608333333273,-0.444,-0.21210500000000004,,,
1852-05-01,-0.11256703,0.24733784727333336,,,-0.639932,0.1371013916666668,-0.147,0.08489499999999997,,,
1852-06-01,-0.077197365,0.28270751227333335,,,-0.421241,0.35579239166666676,-0.148,0.08389499999999997,,,
1852-07-01,0.008964636,0.3688695132733334,,,-0.497427,0.27960639166666673,-0.042,0.18989499999999995,,,
1852-08-01,-0.14900333,0.21090154727333338,,,-0.52339,0.2536433916666667,-0.151,0.08089499999999997,,,
1852-09-01,-0.006418369,0.3534865082733334,,,-0.482627,0.29440639166666677,-0.075,0.15689499999999995,,,
1852-10-01,-0.15764527,0.20225960727333336,,,-0.561015,0.2160183916666667,-0.133,0.09889499999999996,,,
1852-11-01,-0.27521798,0.0846868972733334,,,-0.632683,0.14435039166666674,0.033,0.264895,,,
1852-12-01,0.064261936,0.4241668132733334,,,-0.526015,0.25101839166666673,-0.247,-0.015105000000000035,,,
1853-01-01,-0.2041933,0.15571157727333337,,,-0.77358,0.003453391666666694,-0.367,-0.13510500000000003,,,
1853-02-01,-0.3986166,-0.03871172272666662,,,-0.83354,-0.05650660833333321,-0.182,0.04989499999999997,,,
1853-03-01,-0.2726406,0.08726427727333336,,,-0.822146,-0.045112608333333304,-0.255,-0.023105000000000042,,,
1853-04-01,-0.40107116,-0.041166282726666614,,,-0.847852,-0.07081860833333331,-0.092,0.13989499999999996,,,
1853-05-01,-0.270081,0.08982387727333335,,,-0.619737,0.15729639166666676,-0.186,0.045894999999999964,,,
1853-06-01,-0.124300465,0.23560441227333337,,,-0.51598,0.26105339166666675,-0.066,0.16589499999999996,,,
1853-07-01,-0.07192186,0.28798301727333336,,,-0.399404,0.37762939166666676,-0.076,0.15589499999999995,,,
1853-08-01,-0.039818063,0.32008681427333335,,,-0.56706,0.20997339166666673,-0.22,0.011894999999999961,,,
1853-09-01,-0.26639792,0.09350695727333336,,,-0.690732,0.08630139166666673,-0.208,0.023894999999999972,,,
1853-10-01,-0.37279856,-0.012893682726666633,,,-0.701158,0.07587539166666679,-0.305,-0.07310500000000003,,,
1853-11-01,-0.4007882,-0.040883322726666615,,,-0.732747,0.0442863916666667,-0.408,-0.176105,,,
1853-12-01,-0.32555756,0.034347317273333344,,,-0.63826,0.1387733916666667,-0.128,0.10389499999999996,,,
1854-01-01,-0.40250707,-0.042602192726666654,,,-0.818991,-0.041957608333333285,-0.403,-0.17110500000000006,,,
1854-02-01,-0.39156428,-0.03165940272666662,,,-0.735144,0.04188939166666672,-0.478,-0.24610500000000002,,,
1854-03-01,-0.24713284,0.11277203727333338,,,-0.720688,0.056345391666666744,-0.15,0.08189499999999997,,,
1854-04-01,-0.32695404,0.03295083727333337,,,-0.688355,0.08867839166666669,-0.109,0.12289499999999996,,,
1854-05-01,-0.2774185,0.08248637727333336,,,-0.650687,0.12634639166666672,-0.421,-0.18910500000000002,,,
1854-06-01,-0.3021317,0.057773177273333365,,,-0.572932,0.20410139166666674,-0.283,-0.05110500000000001,,,
1854-07-01,-0.16190101,0.19800386727333336,,,-0.590776,0.18625739166666677,-0.184,0.047894999999999965,,,
1854-08-01,-0.23259757,0.12730730727333336,,,-0.619594,0.15743939166666676,-0.05,0.18189499999999997,,,
1854-09-01,-0.2157878,0.14411707727333337,,,-0.598575,0.17845839166666677,-0.023,0.20889499999999997,,,
1854-10-01,-0.09925922,0.2606456572733334,,,-0.556645,0.2203883916666668,-0.11,0.12189499999999996,,,
1854-11-01,-0.41205636,-0.05215148272666664,,,-0.612645,0.16438839166666674,-0.117,0.11489499999999996,,,
1854-12-01,-0.45369828,-0.09379340272666664,,,-0.63634,0.14069339166666672,-0.175,0.05689499999999997,,,
1855-01-01,-0.17031084,0.18959403727333338,,,-0.693327,0.08370639166666671,-0.18,0.05189499999999997,,,
1855-02-01,-0.31291005,0.04699482727333337,,,-0.711089,0.06594439166666677,0.028,0.259895,,,
1855-03-01,-0.34485918,0.01504569727333338,,,-0.681103,0.09593039166666673,0.013,0.24489499999999997,,,
1855-04-01,-0.21057838,0.14932649727333336,,,-0.735218,0.0418153916666667,-0.07,0.16189499999999996,,,
1855-05-01,-0.36843798,-0.00853310272666663,,,-0.689826,0.08720739166666669,-0.147,0.08489499999999997,,,
1855-06-01,-0.3329686,0.026936277273333364,,,-0.610471,0.16656239166666675,-0.142,0.08989499999999997,,,
1855-07-01,-0.31461516,0.04528971727333336,,,-0.729019,0.04801439166666677,-0.322,-0.09010500000000005,,,
1855-08-01,-0.20184189,0.15806298727333337,,,-0.620384,0.1566493916666667,-0.103,0.12889499999999998,,,
1855-09-01,-0.25861943,0.10128544727333338,,,-0.739926,0.03710739166666677,-0.107,0.12489499999999996,,,
1855-10-01,-0.19998126,0.15992361727333337,,,-0.619311,0.1577223916666668,-0.005,0.22689499999999996,,,
1855-11-01,-0.37381244,-0.013907562726666656,,,-0.697538,0.07949539166666675,-0.135,0.09689499999999995,,,
1855-12-01,-0.40770242,-0.04779754272666664,,,-0.650594,0.12643939166666673,-0.223,0.008894999999999958,,,
1856-01-01,-0.08278427,0.2771206072733334,,,-0.4267,0.3503333916666667,-0.247,-0.015105000000000035,,,
1856-02-01,-0.34718993,0.012714947273333388,,,-0.622986,0.1540473916666667,-0.209,0.02289499999999997,,,
1856-03-01,-0.3712111,-0.011306222726666648,,,-0.728472,0.04856139166666673,-0.043,0.18889499999999998,,,
1856-04-01,-0.31448796,0.04541691727333336,,,-0.87713,-0.10009660833333323,-0.424,-0.19210500000000003,,,
1856-05-01,-0.292533,0.06737187727333338,,,-0.74648,0.030553391666666707,-0.151,0.08089499999999997,,,
1856-06-01,-0.22521582,0.13468905727333336,,,-0.634775,0.14225839166666676,-0.145,0.08689499999999997,,,
1856-07-01,-0.22290184,0.13700303727333338,,,-0.69334,0.08369339166666678,-0.169,0.06289499999999995,,,
1856-08-01,-0.24855386,0.11135101727333338,,,-0.865881,-0.08884760833333327,-0.318,-0.08610500000000004,,,
1856-09-01,-0.4017519,-0.04184702272666663,,,-0.818689,-0.04165560833333326,-0.419,-0.18710500000000002,,,
1856-10-01,-0.44604117,-0.08613629272666662,,,-0.96209,-0.18505660833333326,-0.267,-0.03510500000000005,,,
1856-11-01,-0.56131756,-0.20141268272666663,,,-0.776533,0.0005003916666667108,-0.354,-0.12210500000000002,,,
1856-12-01,-0.42309567,-0.06319079272666661,,,-0.665502,0.1115313916666667,-0.642,-0.41010500000000005,,,
1857-01-01,-0.4942921,-0.13438722272666664,,,-0.713568,0.06346539166666676,-0.497,-0.26510500000000004,,,
1857-02-01,-0.4418785,-0.08197362272666664,,,-0.955582,-0.1785486083333333,-0.526,-0.29410500000000006,,,
1857-03-01,-0.48833084,-0.12842596272666662,,,-0.816287,-0.039253608333333245,-0.5,-0.26810500000000004,,,
1857-04-01,-0.6748065,-0.3149016227266666,,,-0.917539,-0.14050560833333325,-0.588,-0.356105,,,
1857-05-01,-0.6539085,-0.29400362272666664,,,-0.95384,-0.17680660833333328,-0.347,-0.11510500000000001,,,
1857-06-01,-0.2911743,0.06873057727333337,,,-0.71934,0.05769339166666676,-0.327,-0.09510500000000005,,,
1857-07-01,-0.40410438,-0.04419950272666662,,,-0.735143,0.04189039166666675,-0.417,-0.18510500000000002,,,
1857-08-01,-0.35559383,0.004311047273333368,,,-0.764226,0.012807391666666779,-0.32,-0.08810500000000004,,,
1857-09-01,-0.36829397,-0.008389092726666658,,,-0.822827,-0.045793608333333236,-0.288,-0.056105000000000016,,,
1857-10-01,-0.46698898,-0.10708410272666663,,,-0.853496,-0.07646260833333329,-0.227,0.004894999999999955,,,
1857-11-01,-0.66211814,-0.30221326272666665,,,-0.757661,0.01937239166666671,-0.281,-0.049105000000000065,,,
1857-12-01,-0.28878108,0.07112379727333334,,,-0.607948,0.1690853916666667,-0.209,0.02289499999999997,,,
1858-01-01,-0.33611944,0.023785437273333376,,,-0.744595,0.03243839166666673,-0.533,-0.30110500000000007,,,
1858-02-01,-0.4876386,-0.1277337227266666,,,-0.786336,-0.009302608333333295,-0.291,-0.05910500000000002,,,
1858-03-01,-0.5660633,-0.20615842272666668,,,-0.729153,0.04788039166666669,-0.058,0.17389499999999997,,,
1858-04-01,-0.4297229,-0.06981802272666665,,,-0.838837,-0.061803608333333315,-0.33,-0.09810500000000005,,,
1858-05-01,-0.5225211,-0.1626162227266666,,,-0.846237,-0.06920360833333328,-0.406,-0.17410500000000007,,,
1858-06-01,-0.36000618,-0.00010130272666664109,,,-0.682468,0.09456539166666678,-0.345,-0.11310500000000001,,,
1858-07-01,-0.34052667,0.019378207273333392,,,-0.666472,0.11056139166666679,-0.138,0.09389499999999995,,,
1858-08-01,-0.28751695,0.07238792727333337,,,-0.591866,0.18516739166666674,-0.241,-0.00910500000000003,,,
1858-09-01,-0.2800979,0.07980697727333336,,,-0.82459,-0.047556608333333306,-0.33,-0.09810500000000005,,,
1858-10-01,-0.29180503,0.06809984727333335,,,-0.659929,0.11710439166666675,-0.202,0.02989499999999995,,,
1858-11-01,-0.40444997,-0.044545092726666624,,,-0.799251,-0.022217608333333305,-0.396,-0.16410500000000006,,,
1858-12-01,-0.4546053,-0.09470042272666662,,,-0.844983,-0.0679496083333333,-0.431,-0.19910500000000003,,,
1859-01-01,-0.4054151,-0.045510222726666605,,,-0.766266,0.010767391666666737,-0.526,-0.29410500000000006,,,
1859-02-01,-0.3508319,0.009072977273333394,,,-0.688426,0.08860739166666676,-0.365,-0.13310500000000003,,,
1859-03-01,-0.32237455,0.037530327273333386,,,-0.709368,0.06766539166666674,-0.325,-0.09310500000000005,,,
1859-04-01,-0.18896715,0.17093772727333337,,,-0.668146,0.10888739166666672,-0.09,0.14189499999999997,,,
1859-05-01,-0.16987069,0.19003418727333338,,,-0.538212,0.23882139166666672,-0.035,0.19689499999999996,,,
1859-06-01,-0.24007069,0.11983418727333336,,,-0.632023,0.14501039166666674,-0.03,0.20189499999999996,,,
1859-07-01,-0.29049572,0.06940915727333336,,,-0.846716,-0.06968260833333328,-0.369,-0.13710500000000003,,,
1859-08-01,-0.26642036,0.09348451727333335,,,-0.538922,0.23811139166666673,-0.195,0.036894999999999956,,,
1859-09-01,-0.40073764,-0.04083276272666664,,,-0.832975,-0.05594160833333328,-0.434,-0.20210500000000003,,,
1859-10-01,-0.24710423,0.11280064727333336,,,-0.784088,-0.007054608333333268,-0.178,0.05389499999999997,,,
1859-11-01,-0.31005624,0.049848637273333385,,,-0.668092,0.10894139166666672,-0.253,-0.02110500000000004,,,
1859-12-01,-0.31138346,0.04852141727333337,,,-0.425303,0.35173039166666675,-0.383,-0.15110500000000004,,,
1860-01-01,-0.39036018,-0.030455302726666633,,,-0.785408,-0.008374608333333255,-0.25,-0.018105000000000038,,,
1860-02-01,-0.47841126,-0.11850638272666664,,,-0.81066,-0.03362660833333331,-0.153,0.07889499999999997,,,
1860-03-01,-0.7893188,-0.4294139227266666,,,-0.959832,-0.18279860833333328,-0.072,0.15989499999999995,,,
1860-04-01,-0.30961692,0.05028795727333335,,,-0.852072,-0.07503860833333331,-0.082,0.14989499999999994,,,
1860-05-01,-0.37111413,-0.011209252726666619,,,-0.763325,0.013708391666666708,-0.082,0.14989499999999994,,,
1860-06-01,-0.2127543,0.14715057727333336,,,-0.75387,0.0231633916666667,-0.191,0.04089499999999996,,,
1860-07-01,-0.21101767,0.14888720727333338,,,-0.777438,-0.0004046083333332229,-0.3,-0.06810500000000003,,,
1860-08-01,-0.13662575,0.22327912727333338,,,-0.636084,0.14094939166666676,-0.379,-0.14710500000000004,,,
1860-09-01,-0.17651302,0.18339185727333338,,,-0.685174,0.09185939166666679,-0.179,0.05289499999999997,,,
1860-10-01,-0.39112195,-0.031217072726666628,,,-0.945017,-0.16798360833333326,-0.242,-0.01010500000000003,,,
1860-11-01,-0.62215847,-0.26225359272666665,,,-0.782851,-0.005817608333333224,-0.234,-0.0021050000000000513,,,
1860-12-01,-0.7965397,-0.4366348227266666,,,-0.993618,-0.21658460833333326,-0.392,-0.16010500000000005,,,
1861-01-01,-0.90517104,-0.5452661627266666,,,-1.053153,-0.27611960833333327,-0.276,-0.04410500000000006,,,
1861-02-01,-0.68054146,-0.3206365827266667,,,-1.205102,-0.42806860833333316,-0.753,-0.521105,,,
1861-03-01,-0.42158598,-0.06168110272666666,,,-0.848404,-0.07137060833333331,-0.275,-0.04310500000000006,,,
1861-04-01,-0.39636472,-0.036459842726666636,,,-0.840894,-0.06386060833333329,0.038,0.26989499999999994,,,
1861-05-01,-0.6966781,-0.3367732227266666,,,-0.993813,-0.2167796083333332,-0.298,-0.06610500000000002,,,
1861-06-01,-0.2724492,0.08745567727333337,,,-0.799058,-0.022024608333333306,-0.141,0.09089499999999998,,,
1861-07-01,-0.3489705,0.010934377273333351,,,-0.736335,0.04069839166666678,-0.312,-0.08010500000000004,,,
1861-08-01,-0.097595915,0.26230896227333333,,,-0.822439,-0.04540560833333329,-0.239,-0.007105000000000028,,,
1861-09-01,-0.3336998,0.026205077273333377,,,-0.79969,-0.022656608333333272,-0.182,0.04989499999999997,,,
1861-10-01,-0.51582086,-0.15591598272666668,,,-0.778492,-0.0014586083333332223,-0.346,-0.11410500000000001,,,
1861-11-01,-0.48766425,-0.12775937272666665,,,-0.661104,0.11592939166666671,0.014,0.24589499999999997,,,
1861-12-01,-0.40781733,-0.04791245272666661,,,-0.745268,0.0317653916666667,-0.533,-0.30110500000000007,,,
1862-01-01,-0.8302512,-0.4703463227266666,,,-1.02179,-0.24475660833333324,-0.584,-0.352105,,,
1862-02-01,-0.79714805,-0.43724317272666663,,,-1.042404,-0.26537060833333337,-0.618,-0.38610500000000003,,,
1862-03-01,-0.5375936,-0.17768872272666664,,,-0.99101,-0.2139766083333332,-0.513,-0.28110500000000005,,,
1862-04-01,-0.53282684,-0.17292196272666666,,,-0.826062,-0.04902860833333322,-0.336,-0.10410500000000006,,,
1862-05-01,-0.3447934,0.01511147727333334,,,-0.843325,-0.06629160833333325,-0.24,-0.008105000000000029,,,
1862-06-01,-0.2752047,0.08470017727333334,,,-0.816927,-0.03989360833333322,-0.287,-0.055105000000000015,,,
1862-07-01,-0.35610244,0.003802437273333348,,,-0.822105,-0.045071608333333235,-0.388,-0.15610500000000005,,,
1862-08-01,-0.500468,-0.14056312272666666,,,-0.89,-0.11296660833333327,-0.346,-0.11410500000000001,,,
1862-09-01,-0.3993082,-0.039403322726666634,,,-0.917189,-0.1401556083333333,-0.262,-0.03010500000000005,,,
1862-10-01,-0.50103086,-0.1411259827266666,,,-0.942255,-0.16522160833333321,-0.094,0.13789499999999996,,,
1862-11-01,-0.68491006,-0.3250051827266666,,,-0.816104,-0.03907060833333331,-0.434,-0.20210500000000003,,,
1862-12-01,-0.89826745,-0.5383625727266665,,,-1.19417,-0.4171366083333332,-0.744,-0.512105,,,
1863-01-01,-0.08720414,0.2727007372733334,,,-0.771654,0.0053793916666667885,-0.488,-0.256105,,,
1863-02-01,-0.28363347,0.07627140727333337,,,-0.901487,-0.1244536083333333,-0.464,-0.23210500000000006,,,
1863-03-01,-0.41439292,-0.05448804272666663,,,-0.872707,-0.09567360833333327,-0.239,-0.007105000000000028,,,
1863-04-01,-0.3359353,0.023969577273333376,,,-0.780689,-0.0036556083333332268,-0.154,0.07789499999999996,,,
1863-05-01,-0.39094952,-0.031044642726666627,,,-0.866064,-0.0890306083333332,-0.236,-0.004105000000000025,,,
1863-06-01,-0.41835585,-0.058450972726666606,,,-0.880852,-0.10381860833333323,-0.397,-0.16510500000000006,,,
1863-07-01,-0.35686275,0.0030421272733333615,,,-0.891583,-0.11454960833333327,-0.424,-0.19210500000000003,,,
1863-08-01,-0.33504587,0.024859007273333344,,,-0.870797,-0.0937636083333333,-0.521,-0.28910500000000006,,,
1863-09-01,-0.4046052,-0.04470032272666663,,,-0.990362,-0.21332860833333323,-0.497,-0.26510500000000004,,,
1863-10-01,-0.5606118,-0.20070692272666663,,,-1.004007,-0.22697360833333335,-0.37,-0.13810500000000003,,,
1863-11-01,-0.50011665,-0.14021177272666668,,,-0.73829,0.03874339166666674,-0.241,-0.00910500000000003,,,
1863-12-01,-0.50644475,-0.14653987272666663,,,-0.775017,0.0020163916666667836,-0.244,-0.012105000000000032,,,
1864-01-01,-0.82488084,-0.4649759627266666,,,-1.009406,-0.23237260833333329,-0.483,-0.251105,,,
1864-02-01,-0.60532296,-0.2454180827266666,,,-1.025915,-0.24888160833333317,-0.53,-0.29810500000000006,,,
1864-03-01,-0.5314121,-0.17150722272666669,,,-0.998452,-0.22141860833333327,-0.475,-0.24310500000000002,,,
1864-04-01,-0.5567387,-0.19683382272666666,,,-0.797705,-0.020671608333333258,-0.541,-0.3091050000000001,,,
1864-05-01,-0.346019,0.013885877273333347,,,-0.695259,0.08177439166666678,-0.25,-0.018105000000000038,,,
1864-06-01,-0.11594459,0.24396028727333335,,,-0.658974,0.11805939166666679,-0.09,0.14189499999999997,,,
1864-07-01,-0.28745678,0.07244809727333335,,,-0.689471,0.0875623916666668,-0.098,0.13389499999999996,,,
1864-08-01,-0.34392628,0.015978597273333395,,,-0.880161,-0.10312760833333323,-0.376,-0.14410500000000004,,,
1864-09-01,-0.5260323,-0.16612742272666664,,,-0.820436,-0.043402608333333315,-0.26,-0.028105000000000047,,,
1864-10-01,-0.6723407,-0.31243582272666665,,,-0.864639,-0.0876056083333333,-0.245,-0.013105000000000033,,,
1864-11-01,-0.4921488,-0.13224392272666663,,,-0.752952,0.024081391666666785,-0.146,0.08589499999999997,,,
1864-12-01,-0.6274211,-0.2675162227266666,,,-0.871642,-0.09460860833333329,-0.309,-0.07710500000000003,,,
1865-01-01,-0.22972421,0.13018066727333336,,,-0.474976,0.30205739166666673,-0.09,0.14189499999999997,,,
1865-02-01,-0.51286817,-0.1529632927266666,,,-0.716479,0.06055439166666676,-0.014,0.21789499999999995,,,
1865-03-01,-0.71708083,-0.35717595272666663,,,-0.868356,-0.09132260833333328,-0.036,0.19589499999999996,,,
1865-04-01,-0.545424,-0.18551912272666665,,,-0.856303,-0.0792696083333333,-0.072,0.15989499999999995,,,
1865-05-01,-0.49492788,-0.13502300272666662,,,-0.784631,-0.007597608333333228,-0.126,0.10589499999999996,,,
1865-06-01,-0.25132078,0.10858409727333335,,,-0.552805,0.22422839166666675,-0.031,0.20089499999999996,,,
1865-07-01,-0.29651147,0.06339340727333337,,,-0.514539,0.26249439166666677,0.203,0.434895,,,
1865-08-01,-0.24691208,0.11299279727333336,,,-0.570256,0.20677739166666675,-0.05,0.18189499999999997,,,
1865-09-01,-0.23256682,0.12733805727333336,,,-0.545911,0.2311223916666667,0.061,0.29289499999999996,,,
1865-10-01,-0.3286998,0.03120507727333338,,,-0.582885,0.19414839166666675,-0.13,0.10189499999999996,,,
1865-11-01,-0.3379596,0.02194527727333334,,,-0.715194,0.06183939166666674,-0.029,0.20289499999999996,,,
1865-12-01,-0.51290435,-0.15299947272666664,,,-0.668813,0.10822039166666675,-0.055,0.17689499999999997,,,
1866-01-01,-0.23041412,0.12949075727333337,,,-0.521952,0.25508139166666677,-0.146,0.08589499999999997,,,
1866-02-01,-0.47209233,-0.11218745272666664,,,-0.641757,0.13527639166666672,-0.186,0.045894999999999964,,,
1866-03-01,-0.7483365,-0.3884316227266666,,,-0.772016,0.005017391666666704,-0.187,0.04489499999999996,,,
1866-04-01,-0.5491825,-0.18927762272666665,,,-0.970475,-0.19344160833333324,-0.262,-0.03010500000000005,,,
1866-05-01,-0.5992568,-0.23935192272666667,,,-0.921594,-0.14456060833333328,-0.622,-0.39010500000000004,,,
1866-06-01,-0.12973092,0.23017395727333337,,,-0.570985,0.20604839166666677,-0.169,0.06289499999999995,,,
1866-07-01,-0.053188607,0.30671627027333337,,,-0.619587,0.15744639166666674,-0.09,0.14189499999999997,,,
1866-08-01,-0.2913557,0.06854917727333337,,,-0.713843,0.06319039166666673,-0.14,0.09189499999999995,,,
1866-09-01,-0.4619109,-0.10200602272666665,,,-0.650354,0.12667939166666675,-0.305,-0.07310500000000003,,,
1866-10-01,-0.45978358,-0.09987870272666666,,,-0.885601,-0.10856760833333323,-0.175,0.05689499999999997,,,
1866-11-01,-0.3633889,-0.003484022726666647,,,-0.738754,0.03827939166666672,0.141,0.372895,,,
1866-12-01,-0.44330192,-0.08339704272666665,,,-0.689975,0.08705839166666673,0.156,0.387895,,,
1867-01-01,-0.5012026,-0.14129772272666669,,,-0.813474,-0.03644060833333329,-0.285,-0.05310500000000001,,,
1867-02-01,-0.40764287,-0.04773799272666662,,,-1.11693,-0.33989660833333324,-0.401,-0.16910500000000006,,,
1867-03-01,-0.71154207,-0.35163719272666666,,,-0.852428,-0.07539460833333322,-0.112,0.11989499999999996,,,
1867-04-01,-0.4893024,-0.12939752272666666,,,-1.071732,-0.29469860833333317,-0.329,-0.09710500000000005,,,
1867-05-01,-0.61576754,-0.25586266272666663,,,-0.904612,-0.12757860833333323,-0.262,-0.03010500000000005,,,
1867-06-01,-0.3497442,0.010160677273333363,,,-0.645464,0.1315693916666667,-0.242,-0.01010500000000003,,,
1867-07-01,-0.25862965,0.10127522727333338,,,-0.7623,0.014733391666666762,-0.328,-0.09610500000000005,,,
1867-08-01,-0.32534266,0.03456221727333336,,,-0.747927,0.02910639166666673,-0.44,-0.20810500000000004,,,
1867-09-01,-0.19382298,0.16608189727333336,,,-0.757774,0.019259391666666792,-0.127,0.10489499999999996,,,
1867-10-01,-0.15673622,0.20316865727333336,,,-0.798681,-0.021647608333333235,-0.135,0.09689499999999995,,,
1867-11-01,-0.290751,0.06915387727333339,,,-0.603605,0.1734283916666668,-0.212,0.01989499999999997,,,
1867-12-01,-0.4924907,-0.13258582272666664,,,-0.712256,0.06477739166666674,-0.461,-0.22910500000000006,,,
1868-01-01,-0.7065511,-0.3466462227266666,,,-0.950536,-0.1735026083333333,-0.252,-0.02010500000000004,,,
1868-02-01,-0.7107065,-0.35080162272666665,,,-0.746265,0.030768391666666783,-0.255,-0.023105000000000042,,,
1868-03-01,-0.33152503,0.02837984727333337,,,-0.719656,0.05737739166666678,-0.046,0.18589499999999998,,,
1868-04-01,-0.3835847,-0.023679822726666633,,,-0.950252,-0.17321860833333325,0.005,0.23689499999999997,,,
1868-05-01,-0.28221005,0.07769482727333338,,,-0.791605,-0.014571608333333264,-0.076,0.15589499999999995,,,
1868-06-01,-0.29758695,0.06231792727333335,,,-0.727704,0.04932939166666672,-0.108,0.12389499999999996,,,
1868-07-01,-0.046538997,0.31336588027333334,,,-0.638789,0.1382443916666667,0.001,0.23289499999999996,,,
1868-08-01,-0.19503358,0.16487129727333336,,,-0.622421,0.15461239166666674,-0.097,0.13489499999999996,,,
1868-09-01,-0.37496766,-0.015062782726666613,,,-0.688814,0.0882193916666667,-0.028,0.20389499999999997,,,
1868-10-01,-0.24309713,0.11680774727333337,,,-0.594618,0.18241539166666676,0.17,0.401895,,,
1868-11-01,-0.45063135,-0.09072647272666662,,,-0.822379,-0.04534560833333323,-0.047,0.18489499999999998,,,
1868-12-01,-0.33501616,0.02488871727333336,,,-0.539184,0.23784939166666674,0.193,0.42489499999999997,,,
1869-01-01,-0.30413687,0.055768007273333364,,,-0.617953,0.15908039166666677,-0.018,0.21389499999999997,,,
1869-02-01,0.13735774,0.4972626172733334,,,-0.479466,0.29756739166666674,0.122,0.35389499999999996,,,
1869-03-01,-0.65085006,-0.29094518272666664,,,-0.727283,0.04975039166666673,-0.213,0.018894999999999967,,,
1869-04-01,-0.41162053,-0.05171565272666662,,,-0.772015,0.005018391666666733,-0.006,0.22589499999999996,,,
1869-05-01,-0.3107559,0.049148977273333394,,,-0.539514,0.2375193916666667,0.029,0.260895,,,
1869-06-01,-0.39642054,-0.03651566272666662,,,-0.713644,0.0633893916666668,-0.045,0.18689499999999998,,,
1869-07-01,-0.4316918,-0.07178692272666665,,,-0.697582,0.0794513916666667,-0.225,0.006894999999999957,,,
1869-08-01,-0.17842542,0.18147945727333337,,,-0.652107,0.12492639166666675,-0.248,-0.016105000000000036,,,
1869-09-01,-0.16914342,0.19076145727333338,,,-0.774005,0.0030283916666666855,-0.225,0.006894999999999957,,,
1869-10-01,-0.29088375,0.06902112727333337,,,-0.794863,-0.017829608333333247,-0.285,-0.05310500000000001,,,
1869-11-01,-0.29109508,0.06880979727333336,,,-0.645548,0.13148539166666673,0.064,0.29589499999999996,,,
1869-12-01,-0.5245999,-0.16469502272666664,,,-0.783694,-0.006660608333333262,-0.101,0.13089499999999996,,,
1870-01-01,-0.21442753,0.14547734727333336,,,-0.820409,-0.043375608333333315,-0.412,-0.18010500000000002,,,
1870-02-01,-0.4570527,-0.09714782272666661,,,-0.965389,-0.1883556083333333,-0.215,0.016894999999999966,,,
1870-03-01,-0.49531865,-0.13541377272666666,,,-0.858814,-0.08178060833333323,-0.132,0.09989499999999996,,,
1870-04-01,-0.35708296,0.002821917273333363,,,-0.859881,-0.08284760833333327,0.146,0.377895,,,
1870-05-01,-0.30391365,0.05599122727333339,,,-0.826011,-0.04897760833333331,-0.137,0.09489499999999995,,,
1870-06-01,-0.20680325,0.15310162727333337,,,-0.621726,0.15530739166666674,-0.173,0.058894999999999975,,,
1870-07-01,-0.0832475,0.2766573772733334,,,-0.556196,0.22083739166666672,-0.1,0.13189499999999996,,,
1870-08-01,-0.25554147,0.10436340727333338,,,-0.640157,0.13687639166666676,-0.185,0.046894999999999964,,,
1870-09-01,-0.20184942,0.15805545727333337,,,-0.692082,0.08495139166666676,-0.323,-0.09110500000000005,,,
1870-10-01,-0.4277582,-0.06785332272666661,,,-0.832211,-0.055177608333333295,-0.343,-0.11110500000000006,,,
1870-11-01,-0.2553485,0.10455637727333339,,,-0.857945,-0.08091160833333322,-0.249,-0.017105000000000037,,,
1870-12-01,-0.6750309,-0.3151260227266666,,,-0.886497,-0.10946360833333324,-0.399,-0.16710500000000006,,,
1871-01-01,-0.5914527,-0.23154782272666669,,,-0.938103,-0.16106960833333328,-0.321,-0.08910500000000005,,,
1871-02-01,-0.688392,-0.32848712272666664,,,-0.954604,-0.17757060833333327,-0.24,-0.008105000000000029,,,
1871-03-01,-0.1713521,0.18855277727333336,,,-0.635612,0.14142139166666678,-0.03,0.20189499999999996,,,
1871-04-01,-0.2224464,0.13745847727333338,,,-0.704084,0.0729493916666667,-0.1,0.13189499999999996,,,
1871-05-01,-0.3483847,0.011520177273333376,,,-0.797916,-0.02088260833333322,0.084,0.315895,,,
1871-06-01,-0.26983124,0.09007363727333334,,,-0.580937,0.1960963916666667,-0.149,0.08289499999999997,,,
1871-07-01,-0.07270558,0.2871992972733334,,,-0.590794,0.1862393916666667,-0.071,0.16089499999999995,,,
1871-08-01,-0.3237074,0.03619747727333339,,,-0.709453,0.06758039166666674,-0.147,0.08489499999999997,,,
1871-09-01,-0.35705873,0.002846147273333377,,,-0.837289,-0.06025560833333321,-0.198,0.03389499999999995,,,
1871-10-01,-0.3733814,-0.013476522726666607,,,-0.88957,-0.11253660833333323,-0.224,0.007894999999999958,,,
1871-11-01,-0.5423128,-0.18240792272666667,,,-0.906906,-0.12987260833333325,-0.212,0.01989499999999997,,,
1871-12-01,-0.5200536,-0.16014872272666664,,,-0.793934,-0.01690060833333329,-0.15,0.08189499999999997,,,
1872-01-01,-0.59386724,-0.23396236272666665,,,-0.894325,-0.1172916083333333,-0.162,0.06989499999999996,,,
1872-02-01,-0.62738276,-0.26747788272666667,,,-0.826082,-0.04904860833333324,-0.148,0.08389499999999997,,,
1872-03-01,-0.51853395,-0.15862907272666665,,,-0.798328,-0.021294608333333298,-0.231,0.0008949999999999514,,,
1872-04-01,-0.36621708,-0.006312202726666605,,,-0.902529,-0.1254956083333333,-0.275,-0.04310500000000006,,,
1872-05-01,-0.12129082,0.23861405727333337,,,-0.703801,0.07323239166666673,0.018,0.24989499999999995,,,
1872-06-01,-0.26687804,0.09302683727333338,,,-0.77345,0.0035833916666667687,-0.236,-0.004105000000000025,,,
1872-07-01,-0.10946713,0.25043774727333334,,,-0.62709,0.1499433916666667,-0.109,0.12289499999999996,,,
1872-08-01,0.032685995,0.3925908722733334,,,-0.565999,0.2110343916666667,0.067,0.29889499999999997,,,
1872-09-01,-0.1552767,0.20462817727333338,,,-0.684671,0.09236239166666671,0.008,0.23989499999999997,,,
1872-10-01,-0.1743955,0.18550937727333336,,,-0.788819,-0.011785608333333308,-0.293,-0.06110500000000002,,,
1872-11-01,-0.29189095,0.06801392727333339,,,-0.802071,-0.02503760833333324,-0.358,-0.12610500000000002,,,
1872-12-01,-0.52090067,-0.1609957927266666,,,-0.831305,-0.05427160833333322,-0.199,0.03289499999999995,,,
1873-01-01,-0.23680581,0.12309906727333336,,,-0.81441,-0.03737660833333323,-0.165,0.06689499999999995,,,
1873-02-01,-0.2723676,0.08753727727333338,,,-0.763495,0.013538391666666705,-0.173,0.058894999999999975,,,
1873-03-01,-0.39014128,-0.03023640272666661,,,-1.007668,-0.23063460833333327,-0.104,0.12789499999999998,,,
1873-04-01,-0.4620575,-0.10215262272666664,,,-0.969182,-0.19214860833333325,-0.211,0.02089499999999997,,,
1873-05-01,-0.3187277,0.041177177273333365,,,-0.747635,0.02939839166666669,-0.214,0.017894999999999966,,,
1873-06-01,-0.2966507,0.06325417727333338,,,-0.65081,0.12622339166666674,-0.285,-0.05310500000000001,,,
1873-07-01,-0.15776405,0.20214082727333338,,,-0.661497,0.11553639166666674,-0.19,0.04189499999999996,,,
1873-08-01,-0.2166087,0.14329617727333338,,,-0.616842,0.16019139166666674,-0.102,0.12989499999999998,,,
1873-09-01,-0.37763196,-0.01772708272666662,,,-0.748264,0.0287693916666667,-0.244,-0.012105000000000032,,,
1873-10-01,-0.3765355,-0.016630622726666655,,,-0.697141,0.07989239166666673,-0.332,-0.10010500000000006,,,
1873-11-01,-0.42933893,-0.06943405272666664,,,-0.715238,0.0617953916666667,-0.208,0.023894999999999972,,,
1873-12-01,-0.31950906,0.040395817273333356,,,-0.866407,-0.0893736083333333,-0.045,0.18689499999999998,,,
1874-01-01,-0.1817292,0.17817567727333336,,,-0.773149,0.0038843916666667644,-0.155,0.07689499999999996,,,
1874-02-01,-0.4286057,-0.06870082272666661,,,-0.931399,-0.15436560833333324,-0.411,-0.17910500000000001,,,
1874-03-01,-0.6642841,-0.3043792227266667,,,-1.008467,-0.23143360833333326,-0.446,-0.21410500000000005,,,
1874-04-01,-0.42153412,-0.061629242726666644,,,-0.935569,-0.15853560833333324,-0.415,-0.18310500000000002,,,
1874-05-01,-0.31077743,0.04912744727333335,,,-0.862202,-0.08516860833333328,-0.378,-0.14610500000000004,,,
1874-06-01,-0.55560213,-0.19569725272666666,,,-0.789895,-0.012861608333333274,-0.546,-0.3141050000000001,,,
1874-07-01,-0.17058668,0.18931819727333338,,,-0.70258,0.07445339166666676,-0.313,-0.08110500000000004,,,
1874-08-01,-0.28745487,0.0724500072733334,,,-0.796928,-0.01989460833333323,-0.233,-0.0011050000000000504,,,
1874-09-01,-0.159738,0.20016687727333338,,,-0.685867,0.09116639166666674,-0.135,0.09689499999999995,,,
1874-10-01,-0.46680322,-0.10689834272666665,,,-0.848004,-0.07097060833333324,-0.359,-0.12710500000000002,,,
1874-11-01,-0.42181873,-0.06191385272666661,,,-0.904214,-0.12718060833333322,-0.329,-0.09710500000000005,,,
1874-12-01,-0.31600064,0.04390423727333337,,,-0.751812,0.025221391666666704,-0.205,0.026894999999999974,,,
1875-01-01,-0.5755957,-0.21569082272666668,,,-0.739997,0.037036391666666724,-0.143,0.08889499999999997,,,
1875-02-01,-0.44269317,-0.08278829272666666,,,-0.856334,-0.0793006083333333,-0.164,0.06789499999999996,,,
1875-03-01,-0.5591616,-0.19925672272666667,,,-0.829597,-0.05256360833333329,-0.319,-0.08710500000000004,,,
1875-04-01,-0.34027356,0.019631317273333393,,,-0.847475,-0.07044160833333324,-0.286,-0.054105000000000014,,,
1875-05-01,-0.2511827,0.10872217727333339,,,-0.739863,0.03717039166666669,-0.156,0.07589499999999996,,,
1875-06-01,-0.26499686,0.09490801727333337,,,-0.635845,0.14118839166666675,-0.298,-0.06610500000000002,,,
1875-07-01,-0.18092534,0.17897953727333338,,,-0.685881,0.09115239166666678,-0.194,0.037894999999999956,,,
1875-08-01,-0.22718474,0.13272013727333337,,,-0.796654,-0.019620608333333234,-0.239,-0.007105000000000028,,,
1875-09-01,-0.23680477,0.12310010727333337,,,-0.763812,0.013221391666666693,-0.105,0.12689499999999998,,,
1875-10-01,-0.22968538,0.13021949727333337,,,-0.818356,-0.04132260833333323,-0.007,0.22489499999999996,,,
1875-11-01,-0.50699466,-0.14708978272666667,,,-1.005724,-0.22869060833333332,-0.146,0.08589499999999997,,,
1875-12-01,-0.58547246,-0.2255675827266666,,,-1.026895,-0.24986160833333315,-0.36,-0.12810500000000002,,,
1876-01-01,-0.5027444,-0.1428395227266666,,,-0.800998,-0.023964608333333248,-0.269,-0.037105000000000055,,,
1876-02-01,-0.32757896,0.03232591727333339,,,-0.984804,-0.20777060833333327,-0.269,-0.037105000000000055,,,
1876-03-01,-0.33786327,0.022041607273333375,,,-0.783705,-0.006671608333333245,-0.122,0.10989499999999996,,,
1876-04-01,-0.3943021,-0.03439722272666662,,,-0.826181,-0.049147608333333315,-0.298,-0.06610500000000002,,,
1876-05-01,-0.5481547,-0.18824982272666663,,,-1.000149,-0.22311560833333322,-0.514,-0.28210500000000005,,,
1876-06-01,-0.3242113,0.03569357727333339,,,-0.739184,0.03784939166666679,-0.422,-0.19010500000000002,,,
1876-07-01,-0.2005931,0.15931177727333337,,,-0.693475,0.08355839166666679,-0.085,0.14689499999999994,,,
1876-08-01,-0.3256503,0.034254577273333364,,,-0.816384,-0.03935060833333326,-0.299,-0.06710500000000003,,,
1876-09-01,-0.43575472,-0.07584984272666662,,,-0.821267,-0.04423360833333323,-0.335,-0.10310500000000006,,,
1876-10-01,-0.30573153,0.054173347273333394,,,-0.764941,0.012092391666666757,-0.103,0.12889499999999998,,,
1876-11-01,-0.60075325,-0.24084837272666665,,,-0.925912,-0.14887860833333322,-0.225,0.006894999999999957,,,
1876-12-01,-0.6268187,-0.2669138227266666,,,-0.855585,-0.0785516083333333,-0.17,0.06189499999999995,,,
1877-01-01,-0.40895006,-0.049045182726666636,,,-0.687894,0.08913939166666673,-0.036,0.19589499999999996,,,
1877-02-01,-0.19476254,0.16514233727333336,,,-0.615008,0.16202539166666674,0.104,0.33589499999999994,,,
1877-03-01,-0.070242554,0.28966232327333336,,,-0.593156,0.18387739166666672,0.058,0.28989499999999996,,,
1877-04-01,-0.31577286,0.04413201727333338,,,-0.688041,0.08899239166666673,-0.026,0.20589499999999997,,,
1877-05-01,-0.4034899,-0.043585022726666645,,,-0.714647,0.06238639166666671,0.023,0.254895,,,
1877-06-01,-0.10945276,0.2504521172733334,,,-0.51248,0.2645533916666667,-0.089,0.14289499999999997,,,
1877-07-01,0.01661418,0.37651905727333335,,,-0.391169,0.38586439166666675,0.142,0.373895,,,
1877-08-01,0.22973092,0.5896357972733334,,,-0.407861,0.36917239166666677,0.131,0.36289499999999997,,,
1877-09-01,0.12743135,0.48733622727333337,,,-0.465146,0.31188739166666674,0.077,0.308895,,,
1877-10-01,0.12457402,0.4844788972733334,,,-0.354793,0.4222403916666667,0.099,0.33089499999999994,,,
1877-11-01,0.042961337,0.40286621427333336,,,-0.361676,0.41535739166666674,0.233,0.46489499999999995,,,
1877-12-01,-0.02773318,0.33217169727333334,,,-0.495538,0.28149539166666676,0.326,0.557895,,,
1878-01-01,-0.040545285,0.3193595922733334,,,-0.513743,0.2632903916666668,0.077,0.308895,,,
1878-02-01,0.2611604,0.6210652772733334,,,-0.428339,0.3486943916666667,0.16,0.391895,,,
1878-03-01,0.40298346,0.7628883372733334,,,-0.273618,0.5034153916666668,0.318,0.549895,,,
1878-04-01,0.2096044,0.5695092772733333,,,-0.39467,0.3823633916666667,0.313,0.5448949999999999,,,
1878-05-01,-0.09169709,0.2682077872733334,,,-0.566732,0.21030139166666673,0.014,0.24589499999999997,,,
1878-06-01,0.018226331,0.37813120827333335,,,-0.356006,0.42102739166666675,-0.08,0.15189499999999995,,,
1878-07-01,-0.06168844,0.29821643727333336,,,-0.361468,0.41556539166666673,0.129,0.36089499999999997,,,
1878-08-01,-0.044937383,0.31496749427333337,,,-0.53788,0.23915339166666671,-0.014,0.21789499999999995,,,
1878-09-01,0.027774988,0.38767986527333337,,,-0.515377,0.26165639166666677,0.037,0.26889499999999994,,,
1878-10-01,-0.14774789,0.21215698727333338,,,-0.659074,0.11795939166666669,-0.027,0.20489499999999997,,,
1878-11-01,-0.11894861,0.24095626727333336,,,-0.679186,0.09784739166666678,-0.013,0.21889499999999995,,,
1878-12-01,-0.29041678,0.06948809727333338,,,-0.665724,0.11130939166666676,0.077,0.308895,,,
1879-01-01,-0.21224488,0.14765999727333337,,,-0.695312,0.0817213916666667,0.093,0.32489499999999993,,,
1879-02-01,-0.23732424,0.12258063727333338,,,-0.864618,-0.08758460833333326,-0.093,0.13889499999999996,,,
1879-03-01,-0.2468275,0.11307737727333336,,,-0.638479,0.13855439166666672,-0.039,0.19289499999999996,,,
1879-04-01,-0.35663566,0.003269217273333347,,,-0.836375,-0.05934160833333324,-0.068,0.16389499999999996,,,
1879-05-01,-0.33014044,0.02976443727333339,,,-0.726162,0.050871391666666765,-0.152,0.07989499999999997,,,
1879-06-01,-0.24984536,0.11005951727333338,,,-0.686308,0.09072539166666671,-0.357,-0.12510500000000002,,,
1879-07-01,-0.27273142,0.08717345727333337,,,-0.643631,0.1334023916666668,-0.312,-0.08010500000000004,,,
1879-08-01,-0.26216966,0.09773521727333334,,,-0.740824,0.0362093916666667,-0.305,-0.07310500000000003,,,
1879-09-01,-0.22895597,0.13094890727333336,,,-0.788066,-0.011032608333333305,-0.35,-0.11810500000000002,,,
1879-10-01,-0.15026024,0.20964463727333338,,,-0.853491,-0.07645760833333326,-0.081,0.15089499999999995,,,
1879-11-01,-0.375377,-0.015472122726666648,,,-0.890607,-0.1135736083333333,-0.146,0.08589499999999997,,,
1879-12-01,-0.5423144,-0.1824095227266666,,,-0.92668,-0.1496466083333332,-0.321,-0.08910500000000005,,,
1880-01-01,-0.38161263,-0.02170775272666664,-0.19,0.0745416666666667,-1.003757,-0.22672360833333327,-0.322,-0.09010500000000005,,,
1880-02-01,-0.43311024,-0.07320536272666661,-0.25,0.014541666666666696,-1.104936,-0.3279026083333332,-0.267,-0.03510500000000005,,,
1880-03-01,-0.18159075,0.17831412727333337,-0.1,0.1645416666666667,-0.812791,-0.0357576083333333,-0.186,0.045894999999999964,,,
1880-04-01,-0.32494053,0.03496434727333336,-0.17,0.09454166666666669,-0.7494,0.027633391666666784,-0.201,0.03089499999999995,,,
1880-05-01,-0.3183276,0.04157727727333338,-0.1,0.1645416666666667,-0.746682,0.030351391666666783,-0.104,0.12789499999999998,,,
1880-06-01,-0.36678445,-0.006879572726666616,-0.21,0.054541666666666704,-0.691928,0.08510539166666675,-0.322,-0.09010500000000005,,,
1880-07-01,-0.32001582,0.03988905727333336,-0.19,0.0745416666666667,-0.783148,-0.006114608333333216,-0.279,-0.047105000000000063,,,
1880-08-01,-0.09490704,0.26499783727333337,-0.11,0.1545416666666667,-0.598821,0.1782123916666667,-0.12,0.11189499999999997,,,
1880-09-01,-0.28835458,0.07155029727333334,-0.15,0.11454166666666671,-0.806056,-0.029022608333333255,-0.284,-0.05210500000000001,,,
1880-10-01,-0.37529442,-0.01538954272666665,-0.24,0.024541666666666705,-0.784413,-0.007379608333333287,-0.197,0.034894999999999954,,,
1880-11-01,-0.25912246,0.10078241727333337,-0.22,0.044541666666666695,-0.736012,0.04102139166666674,-0.089,0.14289499999999997,,,
1880-12-01,-0.29402268,0.06588219727333339,-0.19,0.0745416666666667,-0.697049,0.07998439166666671,0.09,0.32189499999999993,,,
1881-01-01,-0.17389436,0.18601051727333337,-0.2,0.06454166666666669,-0.689529,0.08750439166666679,-0.208,0.023894999999999972,,,
1881-02-01,-0.19964735,0.16025752727333337,-0.16,0.1045416666666667,-0.733688,0.04334539166666673,0.055,0.28689499999999996,,,
1881-03-01,-0.21539329,0.14451158727333338,0.02,0.2845416666666667,-0.743841,0.033192391666666765,-0.151,0.08089499999999997,,,
1881-04-01,-0.053380866,0.3065240112733334,0.04,0.30454166666666665,-0.588551,0.1884823916666667,0.015,0.24689499999999998,,,
1881-05-01,-0.09867079,0.26123408727333336,0.06,0.3245416666666667,-0.523006,0.25402739166666677,0.024,0.255895,,,
1881-06-01,-0.3896171,-0.029712222726666626,-0.19,0.0745416666666667,-0.711215,0.0658183916666667,-0.294,-0.06210500000000002,,,
1881-07-01,-0.18268445,0.17722042727333337,0.01,0.2745416666666667,-0.626234,0.15079939166666678,-0.173,0.058894999999999975,,,
1881-08-01,-0.13180213,0.22810274727333338,-0.04,0.2245416666666667,-0.685261,0.09177239166666673,-0.143,0.08889499999999997,,,
1881-09-01,-0.28668466,0.07322021727333339,-0.15,0.11454166666666671,-0.805781,-0.02874760833333323,-0.268,-0.036105000000000054,,,
1881-10-01,-0.21702819,0.14287668727333336,-0.22,0.044541666666666695,-0.820704,-0.04367060833333325,-0.15,0.08189499999999997,,,
1881-11-01,-0.36992458,-0.010019702726666635,-0.19,0.0745416666666667,-0.870925,-0.09389160833333321,-0.344,-0.11210500000000001,,,
1881-12-01,-0.23740786,0.12249701727333337,-0.07,0.1945416666666667,-0.583689,0.19334439166666673,-0.062,0.16989499999999996,,,
1882-01-01,-0.01183915,0.34806572727333335,0.16,0.42454166666666665,-0.535644,0.24138939166666673,0.009,0.24089499999999997,,,
1882-02-01,-0.09814544,0.2617594372733334,0.14,0.4045416666666667,-0.770931,0.006102391666666707,-0.199,0.03289499999999995,,,
1882-03-01,-0.14596203,0.21394284727333338,0.04,0.30454166666666665,-0.729496,0.047537391666666706,-0.083,0.14889499999999994,,,
1882-04-01,-0.289168,0.07073687727333339,-0.16,0.1045416666666667,-0.844887,-0.06785360833333332,-0.163,0.06889499999999996,,,
1882-05-01,-0.28977147,0.07013340727333339,-0.14,0.12454166666666669,-0.701958,0.07507539166666677,-0.177,0.05489499999999997,,,
1882-06-01,-0.35807094,0.0018339372733333636,-0.22,0.044541666666666695,-0.800651,-0.023617608333333262,-0.337,-0.10510500000000006,,,
1882-07-01,-0.30782253,0.052082347273333385,-0.16,0.1045416666666667,-0.76275,0.0142833916666667,-0.242,-0.01010500000000003,,,
1882-08-01,-0.22393064,0.13597423727333338,-0.08,0.1845416666666667,-0.697187,0.07984639166666674,-0.243,-0.011105000000000032,,,
1882-09-01,-0.14529543,0.21460944727333336,-0.15,0.11454166666666671,-0.758163,0.018870391666666708,-0.253,-0.02110500000000004,,,
1882-10-01,-0.3824074,-0.02250252272666664,-0.23,0.034541666666666686,-0.960001,-0.18296760833333325,-0.162,0.06989499999999996,,,
1882-11-01,-0.38512057,-0.025215692726666628,-0.17,0.09454166666666669,-0.88699,-0.1099566083333332,-0.118,0.11389499999999997,,,
1882-12-01,-0.62776095,-0.2678560727266666,-0.36,-0.09545833333333328,-0.92996,-0.15292660833333327,-0.308,-0.07610500000000003,,,
1883-01-01,-0.44033122,-0.08042634272666666,-0.29,-0.025458333333333284,-0.869234,-0.09220060833333321,-0.302,-0.07010500000000003,,,
1883-02-01,-0.44839785,-0.08849297272666662,-0.36,-0.09545833333333328,-0.971207,-0.1941736083333333,-0.226,0.005894999999999956,,,
1883-03-01,-0.2486792,0.11122567727333338,-0.12,0.1445416666666667,-0.705979,0.07105439166666672,-0.092,0.13989499999999996,,,
1883-04-01,-0.41655695,-0.056652072726666614,-0.18,0.08454166666666671,-0.840471,-0.06343760833333323,-0.137,0.09489499999999995,,,
1883-05-01,-0.3234544,0.03645047727333339,-0.17,0.09454166666666669,-0.627294,0.14973939166666672,-0.237,-0.005105000000000026,,,
1883-06-01,-0.1592449,0.20065997727333337,-0.07,0.1945416666666667,-0.434341,0.34269239166666676,-0.165,0.06689499999999995,,,
1883-07-01,-0.21554062,0.14436425727333338,-0.07,0.1945416666666667,-0.658476,0.11855739166666679,-0.328,-0.09610500000000005,,,
1883-08-01,-0.27767068,0.08223419727333336,-0.14,0.12454166666666669,-0.779633,-0.002599608333333281,-0.327,-0.09510500000000005,,,
1883-09-01,-0.3012298,0.058675077273333376,-0.22,0.044541666666666695,-0.819177,-0.042143608333333304,-0.301,-0.06910500000000003,,,
1883-10-01,-0.32315385,0.03675102727333335,-0.11,0.1545416666666667,-0.962152,-0.18511860833333327,-0.273,-0.04110500000000006,,,
1883-11-01,-0.3733057,-0.01340082272666665,-0.24,0.024541666666666705,-0.84941,-0.07237660833333326,-0.188,0.04389499999999996,,,
1883-12-01,-0.40312,-0.04321512272666661,-0.11,0.1545416666666667,-0.863863,-0.08682960833333331,-0.294,-0.06210500000000002,,,
1884-01-01,-0.42596686,-0.06606198272666663,-0.13,0.1345416666666667,-0.902682,-0.12564860833333324,-0.315,-0.08310500000000004,,,
1884-02-01,-0.31035388,0.04955099727333334,-0.08,0.1845416666666667,-0.826638,-0.049604608333333244,-0.076,0.15589499999999995,,,
1884-03-01,-0.49140382,-0.13149894272666662,-0.36,-0.09545833333333328,-1.097358,-0.3203246083333333,-0.279,-0.047105000000000063,,,
1884-04-01,-0.4687395,-0.10883462272666661,-0.4,-0.13545833333333332,-0.975597,-0.1985636083333333,-0.392,-0.16010500000000005,,,
1884-05-01,-0.546081,-0.18617612272666667,-0.34,-0.07545833333333332,-0.837927,-0.06089360833333324,-0.398,-0.16610500000000006,,,
1884-06-01,-0.48808527,-0.12818039272666665,-0.35,-0.08545833333333328,-0.783044,-0.006010608333333223,-0.394,-0.16210500000000005,,,
1884-07-01,-0.5557362,-0.19583132272666665,-0.3,-0.03545833333333329,-0.855063,-0.07802960833333328,-0.507,-0.27510500000000004,,,
1884-08-01,-0.41976324,-0.059858362726666614,-0.28,-0.015458333333333331,-0.849502,-0.07246860833333324,-0.526,-0.29410500000000006,,,
1884-09-01,-0.49775514,-0.13785026272666662,-0.27,-0.005458333333333322,-0.926267,-0.1492336083333332,-0.537,-0.30510500000000007,,,
1884-10-01,-0.44827563,-0.08837075272666661,-0.25,0.014541666666666696,-0.948842,-0.17180860833333322,-0.285,-0.05310500000000001,,,
1884-11-01,-0.5692634,-0.2093585227266666,-0.34,-0.07545833333333332,-0.961126,-0.1840926083333333,-0.407,-0.175105,,,
1884-12-01,-0.4719657,-0.11206082272666662,-0.31,-0.0454583333333333,-0.641065,0.13596839166666674,-0.313,-0.08110500000000004,,,
1885-01-01,-0.64483386,-0.2849289827266666,-0.59,-0.3254583333333333,-0.958159,-0.18112560833333324,-0.419,-0.18710500000000002,,,
1885-02-01,-0.53865534,-0.17875046272666667,-0.34,-0.07545833333333332,-0.86546,-0.08842660833333327,-0.408,-0.176105,,,
1885-03-01,-0.40757763,-0.047672752726666656,-0.27,-0.005458333333333322,-1.01135,-0.23431660833333323,-0.419,-0.18710500000000002,,,
1885-04-01,-0.61834466,-0.2584397827266666,-0.42,-0.15545833333333328,-1.020044,-0.2430106083333332,-0.41,-0.178105,,,
1885-05-01,-0.591991,-0.23208612272666668,-0.46,-0.19545833333333332,-0.803371,-0.026337608333333207,-0.371,-0.13910500000000003,,,
1885-06-01,-0.6258631,-0.26595822272666664,-0.44,-0.1754583333333333,-0.847485,-0.0704516083333333,-0.621,-0.38910500000000003,,,
1885-07-01,-0.40865657,-0.04875169272666663,-0.34,-0.07545833333333332,-0.745009,0.03202439166666671,-0.456,-0.22410500000000005,,,
1885-08-01,-0.3960784,-0.03617352272666663,-0.32,-0.05545833333333331,-0.748573,0.028460391666666696,-0.482,-0.250105,,,
1885-09-01,-0.34767368,0.012231197273333383,-0.28,-0.015458333333333331,-0.824561,-0.04752760833333325,-0.351,-0.11910500000000002,,,
1885-10-01,-0.3461016,0.013803277273333359,-0.23,0.034541666666666686,-0.812446,-0.03541260833333326,-0.204,0.027894999999999975,,,
1885-11-01,-0.3677833,-0.007878422726666612,-0.24,0.024541666666666705,-0.787681,-0.010647608333333225,-0.125,0.10689499999999996,,,
1885-12-01,-0.20402879,0.15587608727333338,-0.1,0.1645416666666667,-0.651435,0.12559839166666675,-0.136,0.09589499999999995,,,
1886-01-01,-0.4578638,-0.09795892272666662,-0.44,-0.1754583333333333,-0.899468,-0.1224346083333333,-0.407,-0.175105,,,
1886-02-01,-0.4703034,-0.11039852272666661,-0.51,-0.2454583333333333,-1.015556,-0.23852260833333316,-0.323,-0.09110500000000005,,,
1886-03-01,-0.46656862,-0.10666374272666662,-0.43,-0.1654583333333333,-1.098903,-0.3218696083333332,-0.375,-0.14310500000000004,,,
1886-04-01,-0.34330103,0.01660384727333336,-0.28,-0.015458333333333331,-0.86172,-0.0846866083333333,-0.147,0.08489499999999997,,,
1886-05-01,-0.27936617,0.08053870727333334,-0.25,0.014541666666666696,-0.81098,-0.033946608333333295,-0.255,-0.023105000000000042,,,
1886-06-01,-0.4983292,-0.13842432272666666,-0.35,-0.08545833333333328,-0.835035,-0.05800160833333323,-0.497,-0.26510500000000004,,,
1886-07-01,-0.2972087,0.06269617727333338,-0.19,0.0745416666666667,-0.741518,0.03551539166666673,-0.31,-0.07810500000000004,,,
1886-08-01,-0.44951415,-0.08960927272666663,-0.31,-0.0454583333333333,-0.731676,0.045357391666666746,-0.437,-0.20510500000000004,,,
1886-09-01,-0.38023543,-0.020330552726666618,-0.24,0.024541666666666705,-0.867456,-0.09042260833333327,-0.461,-0.22910500000000006,,,
1886-10-01,-0.39917353,-0.03926865272666663,-0.28,-0.015458333333333331,-0.93036,-0.15332660833333323,-0.364,-0.13210500000000003,,,
1886-11-01,-0.47561848,-0.11571360272666664,-0.28,-0.015458333333333331,-0.909384,-0.13235060833333323,-0.461,-0.22910500000000006,,,
1886-12-01,-0.38060185,-0.02069697272666665,-0.26,0.004541666666666687,-0.816035,-0.039001608333333215,-0.296,-0.06410500000000002,,,
1887-01-01,-0.73406196,-0.37415708272666665,-0.72,-0.4554583333333333,-1.249217,-0.4721836083333333,-0.655,-0.42310500000000006,,,
1887-02-01,-0.6457775,-0.28587262272666664,-0.57,-0.3054583333333333,-1.108328,-0.33129460833333324,-0.578,-0.346105,,,
1887-03-01,-0.43512297,-0.07521809272666663,-0.36,-0.09545833333333328,-1.069878,-0.29284460833333337,-0.341,-0.10910500000000006,,,
1887-04-01,-0.47299397,-0.11308909272666662,-0.35,-0.08545833333333328,-0.980522,-0.20348860833333327,-0.343,-0.11110500000000006,,,
1887-05-01,-0.5124649,-0.15256002272666663,-0.31,-0.0454583333333333,-0.941933,-0.16489960833333328,-0.479,-0.24710500000000002,,,
1887-06-01,-0.5117098,-0.15180492272666662,-0.25,0.014541666666666696,-0.862913,-0.0858796083333333,-0.484,-0.252105,,,
1887-07-01,-0.37888822,-0.01898334272666663,-0.26,0.004541666666666687,-0.784939,-0.007905608333333314,-0.324,-0.09210500000000005,,,
1887-08-01,-0.43830377,-0.07839889272666661,-0.36,-0.09545833333333328,-0.839243,-0.06220960833333322,-0.485,-0.253105,,,
1887-09-01,-0.37885422,-0.01894934272666665,-0.26,0.004541666666666687,-0.800345,-0.023311608333333234,-0.488,-0.256105,,,
1887-10-01,-0.43443972,-0.0745348427266666,-0.36,-0.09545833333333328,-0.970159,-0.19312560833333325,-0.346,-0.11410500000000001,,,
1887-11-01,-0.42817745,-0.06827257272666665,-0.26,0.004541666666666687,-0.916049,-0.13901560833333326,-0.293,-0.06110500000000002,,,
1887-12-01,-0.48930418,-0.1293993027266666,-0.33,-0.06545833333333331,-0.961587,-0.18455360833333323,-0.272,-0.04010500000000006,,,
1888-01-01,-0.6150694,-0.2551645227266666,-0.35,-0.08545833333333328,-0.810921,-0.03388760833333326,-0.408,-0.176105,,,
1888-02-01,-0.58524644,-0.22534156272666667,-0.37,-0.10545833333333329,-0.975062,-0.19802860833333324,-0.44,-0.20810500000000004,,,
1888-03-01,-0.59260166,-0.23269678272666666,-0.42,-0.15545833333333328,-0.90848,-0.13144660833333321,-0.381,-0.14910500000000004,,,
1888-04-01,-0.34351316,0.016391717273333384,-0.21,0.054541666666666704,-0.935584,-0.15855060833333323,-0.343,-0.11110500000000006,,,
1888-05-01,-0.39860126,-0.038696382726666645,-0.22,0.044541666666666695,-0.755799,0.02123439166666674,-0.296,-0.06410500000000002,,,
1888-06-01,-0.31458974,0.04531513727333336,-0.18,0.08454166666666671,-0.707981,0.06905239166666677,-0.141,0.09089499999999998,,,
1888-07-01,-0.33486822,0.025036657273333374,-0.11,0.1545416666666667,-0.596166,0.18086739166666677,-0.327,-0.09510500000000005,,,
1888-08-01,-0.30383828,0.05606659727333335,-0.16,0.1045416666666667,-0.658209,0.1188243916666667,-0.265,-0.03310500000000005,,,
1888-09-01,-0.3202068,0.039698077273333354,-0.12,0.1445416666666667,-0.77477,0.002263391666666781,-0.216,0.015894999999999965,,,
1888-10-01,-0.15795669,0.20194818727333336,0.01,0.2745416666666667,-0.521019,0.25601439166666673,-0.033,0.19889499999999996,,,
1888-11-01,-0.25640315,0.10350172727333334,0.02,0.2845416666666667,-0.528371,0.2486623916666667,-0.015,0.21689499999999995,,,
1888-12-01,-0.24815148,0.11175339727333336,-0.05,0.2145416666666667,-0.62071,0.15632339166666676,0.068,0.29989499999999997,,,
1889-01-01,-0.2938654,0.06603947727333337,-0.1,0.1645416666666667,-0.590285,0.1867483916666668,-0.045,0.18689499999999998,,,
1889-02-01,-0.005193013,0.35471186427333334,0.16,0.42454166666666665,-0.472519,0.3045143916666667,0.109,0.34089499999999995,,,
1889-03-01,-0.079265535,0.28063934227333337,0.06,0.3245416666666667,-0.598657,0.17837639166666674,0.191,0.42289499999999997,,,
1889-04-01,-0.08213419,0.27777068727333337,0.09,0.3545416666666667,-0.588547,0.1884863916666667,0.052,0.28389499999999995,,,
1889-05-01,-0.15753026,0.20237461727333336,-0.01,0.25454166666666667,-0.536826,0.24020739166666671,-0.048,0.18389499999999998,,,
1889-06-01,-0.21602155,0.14388332727333336,-0.1,0.1645416666666667,-0.622551,0.15448239166666677,-0.242,-0.01010500000000003,,,
1889-07-01,-0.2909722,0.06893267727333335,-0.08,0.1845416666666667,-0.650356,0.1266773916666667,-0.195,0.036894999999999956,,,
1889-08-01,-0.31507355,0.04483132727333339,-0.2,0.06454166666666669,-0.662522,0.11451139166666668,-0.337,-0.10510500000000006,,,
1889-09-01,-0.34933463,0.010570247273333389,-0.24,0.024541666666666705,-0.739818,0.037215391666666764,-0.368,-0.13610500000000003,,,
1889-10-01,-0.36077714,-0.0008722627266666283,-0.26,0.004541666666666687,-0.811337,-0.034303608333333235,-0.224,0.007894999999999958,,,
1889-11-01,-0.50869274,-0.1487878627266666,-0.34,-0.07545833333333332,-0.906163,-0.1291296083333333,-0.251,-0.01910500000000004,,,
1889-12-01,-0.34596378,0.01394109727333337,-0.29,-0.025458333333333284,-0.834223,-0.05718960833333331,-0.076,0.15589499999999995,,,
1890-01-01,-0.5159252,-0.1560203227266666,-0.42,-0.15545833333333328,-0.982756,-0.20572260833333322,-0.326,-0.09410500000000005,,,
1890-02-01,-0.44864374,-0.08873886272666665,-0.45,-0.1854583333333333,-0.9444,-0.16736660833333328,-0.279,-0.047105000000000063,,,
1890-03-01,-0.6163973,-0.25649242272666667,-0.4,-0.13545833333333332,-0.961593,-0.1845596083333333,-0.423,-0.19110500000000002,,,
1890-04-01,-0.49194187,-0.13203699272666664,-0.3,-0.03545833333333329,-0.995463,-0.21842960833333325,-0.336,-0.10410500000000006,,,
1890-05-01,-0.5294894,-0.16958452272666663,-0.4,-0.13545833333333332,-0.857432,-0.08039860833333323,-0.336,-0.10410500000000006,,,
1890-06-01,-0.4847464,-0.12484152272666665,-0.25,0.014541666666666696,-0.904489,-0.12745560833333325,-0.469,-0.237105,,,
1890-07-01,-0.4857722,-0.12586732272666662,-0.28,-0.015458333333333331,-0.834557,-0.057523608333333254,-0.498,-0.26610500000000004,,,
1890-08-01,-0.46876624,-0.10886136272666663,-0.39,-0.1254583333333333,-0.918008,-0.1409746083333333,-0.461,-0.22910500000000006,,,
1890-09-01,-0.47662684,-0.11672196272666663,-0.36,-0.09545833333333328,-0.956596,-0.17956260833333326,-0.482,-0.250105,,,
1890-10-01,-0.436706,-0.07680112272666662,-0.25,0.014541666666666696,-0.835188,-0.0581546083333333,-0.273,-0.04110500000000006,,,
1890-11-01,-0.667224,-0.30731912272666667,-0.44,-0.1754583333333333,-1.044665,-0.2676316083333332,-0.43,-0.19810500000000003,,,
1890-12-01,-0.38076168,-0.020856802726666623,-0.32,-0.05545833333333331,-0.843573,-0.06653960833333328,-0.319,-0.08710500000000004,,,
1891-01-01,-0.5744326,-0.2145277227266666,-0.33,-0.06545833333333331,-0.927127,-0.1500936083333333,-0.343,-0.11110500000000006,,,
1891-02-01,-0.592817,-0.23291212272666667,-0.46,-0.19545833333333332,-1.11508,-0.33804660833333333,-0.503,-0.27110500000000004,,,
1891-03-01,-0.35578015,0.004124727273333351,-0.18,0.08454166666666671,-0.870633,-0.09359960833333325,-0.233,-0.0011050000000000504,,,
1891-04-01,-0.43793827,-0.07803339272666665,-0.27,-0.005458333333333322,-0.885273,-0.10823960833333324,-0.232,-0.0001050000000000495,,,
1891-05-01,-0.3342067,0.025698177273333345,-0.16,0.1045416666666667,-0.711543,0.0654903916666667,-0.209,0.02289499999999997,,,
1891-06-01,-0.3654178,-0.005512922726666647,-0.21,0.054541666666666704,-0.698918,0.0781153916666667,-0.225,0.006894999999999957,,,
1891-07-01,-0.40023366,-0.04032878272666662,-0.18,0.08454166666666671,-0.777951,-0.0009176083333332086,-0.428,-0.19610500000000003,,,
1891-08-01,-0.3607474,-0.000842522726666628,-0.17,0.09454166666666669,-0.784566,-0.007532608333333246,-0.352,-0.12010500000000002,,,
1891-09-01,-0.26140827,0.09849660727333337,-0.15,0.11454166666666671,-0.807489,-0.030455608333333273,-0.234,-0.0021050000000000513,,,
1891-10-01,-0.334176,0.025728877273333395,-0.21,0.054541666666666704,-0.804168,-0.027134608333333254,-0.184,0.047894999999999965,,,
1891-11-01,-0.5299838,-0.17007892272666664,-0.31,-0.0454583333333333,-0.974663,-0.1976296083333332,-0.328,-0.09610500000000005,,,
1891-12-01,-0.22325908,0.13664579727333337,-0.04,0.2245416666666667,-0.769808,0.007225391666666692,-0.15,0.08189499999999997,,,
1892-01-01,-0.4716348,-0.11172992272666665,-0.29,-0.025458333333333284,-0.822529,-0.045495608333333215,-0.186,0.045894999999999964,,,
1892-02-01,-0.2880402,0.07186467727333334,-0.12,0.1445416666666667,-0.741918,0.03511539166666677,-0.215,0.016894999999999966,,,
1892-03-01,-0.5216312,-0.1617263227266666,-0.4,-0.13545833333333332,-0.890068,-0.11303460833333323,-0.349,-0.11710500000000001,,,
1892-04-01,-0.5370678,-0.17716292272666662,-0.33,-0.06545833333333331,-0.958046,-0.1810126083333332,-0.382,-0.15010500000000004,,,
1892-05-01,-0.4519514,-0.09204652272666664,-0.23,0.034541666666666686,-0.96217,-0.18513660833333323,-0.374,-0.14210500000000004,,,
1892-06-01,-0.43156624,-0.07166136272666662,-0.22,0.044541666666666695,-0.857252,-0.08021860833333327,-0.477,-0.24510500000000002,,,
1892-07-01,-0.58998394,-0.23007906272666662,-0.31,-0.0454583333333333,-0.981043,-0.20400960833333326,-0.535,-0.30310500000000007,,,
1892-08-01,-0.5112062,-0.1513013227266667,-0.27,-0.005458333333333322,-0.925107,-0.14807360833333327,-0.466,-0.23410500000000006,,,
1892-09-01,-0.38721508,-0.02731020272666662,-0.17,0.09454166666666669,-0.923455,-0.1464216083333333,-0.411,-0.17910500000000001,,,
1892-10-01,-0.43694773,-0.07704285272666661,-0.14,0.12454166666666669,-1.034142,-0.25710860833333316,-0.4,-0.16810500000000006,,,
1892-11-01,-0.6623413,-0.30243642272666665,-0.42,-0.15545833333333328,-1.121724,-0.3446906083333332,-0.601,-0.369105,,,
1892-12-01,-0.78923017,-0.4293252927266666,-0.39,-0.1254583333333333,-0.957119,-0.1800856083333333,-0.484,-0.252105,,,
1893-01-01,-1.039964,-0.6800591227266668,-0.81,-0.5454583333333334,-1.214158,-0.43712460833333333,-0.691,-0.459105,,,
1893-02-01,-0.8460627,-0.4861578227266666,-0.57,-0.3054583333333333,-1.024778,-0.24774460833333323,-0.539,-0.3071050000000001,,,
1893-03-01,-0.4214959,-0.06159102272666661,-0.22,0.044541666666666695,-1.040897,-0.2638636083333332,-0.298,-0.06610500000000002,,,
1893-04-01,-0.50831175,-0.14840687272666658,-0.28,-0.015458333333333331,-0.994806,-0.21777260833333323,-0.349,-0.11710500000000001,,,
1893-05-01,-0.57025254,-0.21034766272666666,-0.34,-0.07545833333333332,-0.931342,-0.15430860833333326,-0.354,-0.12210500000000002,,,
1893-06-01,-0.45261618,-0.09271130272666661,-0.25,0.014541666666666696,-0.738974,0.03805939166666672,-0.369,-0.13710500000000003,,,
1893-07-01,-0.2528014,0.10710347727333336,-0.14,0.12454166666666669,-0.731273,0.04576039166666679,-0.242,-0.01010500000000003,,,
1893-08-01,-0.29511073,0.06479414727333338,-0.25,0.014541666666666696,-0.827766,-0.05073260833333326,-0.392,-0.16010500000000005,,,
1893-09-01,-0.36910433,-0.009199452726666613,-0.22,0.044541666666666695,-0.902617,-0.12558360833333326,-0.34,-0.10810500000000006,,,
1893-10-01,-0.3051906,0.05471427727333339,-0.18,0.08454166666666671,-0.838216,-0.06118260833333322,-0.212,0.01989499999999997,,,
1893-11-01,-0.40178445,-0.04187957272666665,-0.19,0.0745416666666667,-1.000051,-0.22301760833333328,-0.316,-0.08410500000000004,,,
1893-12-01,-0.47665915,-0.11675427272666661,-0.32,-0.05545833333333331,-0.990564,-0.21353060833333326,-0.305,-0.07310500000000003,,,
1894-01-01,-0.6304952,-0.27059032272666667,-0.53,-0.26545833333333335,-1.195581,-0.41854760833333327,-0.49,-0.25810500000000003,,,
1894-02-01,-0.41898477,-0.05907989272666664,-0.29,-0.025458333333333284,-1.07232,-0.2952866083333332,-0.334,-0.10210500000000006,,,
1894-03-01,-0.49809912,-0.13819424272666664,-0.23,0.034541666666666686,-1.025314,-0.24828060833333332,-0.336,-0.10410500000000006,,,
1894-04-01,-0.5233221,-0.16341722272666664,-0.45,-0.1854583333333333,-1.018804,-0.2417706083333333,-0.258,-0.026105000000000045,,,
1894-05-01,-0.51352173,-0.15361685272666664,-0.31,-0.0454583333333333,-0.84427,-0.06723660833333323,-0.307,-0.07510500000000003,,,
1894-06-01,-0.5799579,-0.22005302272666666,-0.41,-0.14545833333333327,-0.963238,-0.1862046083333333,-0.488,-0.256105,,,
1894-07-01,-0.39804062,-0.038135742726666644,-0.24,0.024541666666666705,-0.735615,0.04141839166666672,-0.252,-0.02010500000000004,,,
1894-08-01,-0.35465294,0.00525193727333334,-0.24,0.024541666666666705,-0.718376,0.058657391666666725,-0.213,0.018894999999999967,,,
1894-09-01,-0.43967047,-0.07976559272666661,-0.28,-0.015458333333333331,-0.902351,-0.12531760833333327,-0.354,-0.12210500000000002,,,
1894-10-01,-0.39872596,-0.03882108272666662,-0.23,0.034541666666666686,-0.961379,-0.18434560833333324,-0.311,-0.07910500000000004,,,
1894-11-01,-0.4509967,-0.0910918227266666,-0.26,0.004541666666666687,-0.978117,-0.20108360833333327,-0.221,0.01089499999999996,,,
1894-12-01,-0.5384868,-0.17858192272666668,-0.21,0.054541666666666704,-0.919097,-0.1420636083333333,-0.379,-0.14710500000000004,,,
1895-01-01,-0.6363193,-0.27641442272666666,-0.41,-0.14545833333333327,-0.990635,-0.2136016083333333,-0.401,-0.16910500000000006,,,
1895-02-01,-0.63207686,-0.2721719827266666,-0.43,-0.1654583333333333,-1.072132,-0.29509860833333335,-0.454,-0.22210500000000005,,,
1895-03-01,-0.60957813,-0.24967325272666668,-0.33,-0.06545833333333331,-0.962739,-0.18570560833333327,-0.311,-0.07910500000000004,,,
1895-04-01,-0.44812807,-0.08822319272666662,-0.22,0.044541666666666695,-0.806105,-0.02907160833333322,-0.245,-0.013105000000000033,,,
1895-05-01,-0.4687639,-0.10885902272666664,-0.28,-0.015458333333333331,-0.843756,-0.06672260833333321,-0.242,-0.01010500000000003,,,
1895-06-01,-0.42064583,-0.06074095272666663,-0.21,0.054541666666666704,-0.786296,-0.009262608333333255,-0.295,-0.06310500000000002,,,
1895-07-01,-0.33815384,0.021751037273333385,-0.17,0.09454166666666669,-0.653483,0.1235503916666667,-0.191,0.04089499999999996,,,
1895-08-01,-0.37406406,-0.014159182726666608,-0.17,0.09454166666666669,-0.690584,0.08644939166666676,-0.238,-0.006105000000000027,,,
1895-09-01,-0.38837868,-0.02847380272666661,-0.12,0.1445416666666667,-0.831039,-0.05400560833333323,-0.271,-0.039105000000000056,,,
1895-10-01,-0.31372356,0.046181317273333355,-0.11,0.1545416666666667,-0.878202,-0.1011686083333333,-0.202,0.02989499999999995,,,
1895-11-01,-0.3123746,0.047530277273333366,-0.17,0.09454166666666669,-0.743552,0.03348139166666675,-0.102,0.12989499999999998,,,
1895-12-01,-0.35983032,7.455727333338658e-5,-0.15,0.11454166666666671,-0.842771,-0.06573760833333331,-0.22,0.011894999999999961,,,
1896-01-01,-0.31443536,0.04546951727333337,-0.23,0.034541666666666686,-0.777103,-6.960833333324867e-5,-0.149,0.08289499999999997,,,
1896-02-01,-0.32868984,0.031215037273333357,-0.13,0.1345416666666667,-0.870728,-0.0936946083333332,-0.209,0.02289499999999997,,,
1896-03-01,-0.5802674,-0.22036252272666662,-0.26,0.004541666666666687,-0.870101,-0.09306760833333327,-0.206,0.025894999999999974,,,
1896-04-01,-0.5287299,-0.1688250227266666,-0.31,-0.0454583333333333,-0.95563,-0.17859660833333324,-0.247,-0.015105000000000035,,,
1896-05-01,-0.3471449,0.01275997727333339,-0.16,0.1045416666666667,-0.836021,-0.058987608333333275,-0.196,0.035894999999999955,,,
1896-06-01,-0.22357856,0.13632631727333336,-0.11,0.1545416666666667,-0.610999,0.16603439166666678,-0.107,0.12489499999999996,,,
1896-07-01,-0.18469533,0.17520954727333338,-0.03,0.2345416666666667,-0.612016,0.16501739166666674,-0.156,0.07589499999999996,,,
1896-08-01,-0.17283933,0.18706554727333335,-0.06,0.2045416666666667,-0.583857,0.19317639166666678,-0.053,0.17889499999999997,,,
1896-09-01,-0.1551277,0.20477717727333336,-0.08,0.1845416666666667,-0.683039,0.09399439166666679,-0.197,0.034894999999999954,,,
1896-10-01,-0.11704905,0.24285582727333338,0.06,0.3245416666666667,-0.650029,0.12700439166666677,-0.022,0.20989499999999997,,,
1896-11-01,-0.30805147,0.051853407273333374,-0.05,0.2145416666666667,-0.70885,0.06818339166666676,-0.071,0.16089499999999995,,,
1896-12-01,-0.08252435,0.2773805272733334,-0.05,0.2145416666666667,-0.707573,0.06946039166666673,0.036,0.26789499999999994,,,
1897-01-01,-0.28979796,0.07010691727333335,-0.15,0.11454166666666671,-0.735601,0.04143239166666679,-0.063,0.16889499999999996,,,
1897-02-01,-0.33754954,0.022355337273333387,-0.17,0.09454166666666669,-0.881694,-0.10466060833333324,-0.186,0.045894999999999964,,,
1897-03-01,-0.41013247,-0.05022759272666666,-0.14,0.12454166666666669,-0.846811,-0.06977760833333324,-0.113,0.11889499999999996,,,
1897-04-01,-0.10872677,0.25117810727333334,-0.03,0.2345416666666667,-0.659221,0.1178123916666668,-0.001,0.23089499999999996,,,
1897-05-01,-0.12141722,0.23848765727333338,-0.02,0.2445416666666667,-0.690717,0.08631639166666671,-0.046,0.18589499999999998,,,
1897-06-01,-0.16981138,0.19009349727333336,-0.12,0.1445416666666667,-0.686191,0.09084239166666674,-0.121,0.11089499999999997,,,
1897-07-01,-0.18994027,0.16996460727333337,-0.03,0.2345416666666667,-0.638601,0.13843239166666677,-0.067,0.16489499999999996,,,
1897-08-01,-0.18287988,0.17702499727333337,-0.09,0.1745416666666667,-0.614745,0.16228839166666675,-0.094,0.13789499999999996,,,
1897-09-01,-0.17639543,0.18350944727333338,-0.08,0.1845416666666667,-0.74617,0.03086339166666674,-0.16,0.07189499999999996,,,
1897-10-01,-0.2057948,0.15411007727333337,-0.13,0.1345416666666667,-0.818683,-0.04164960833333331,-0.112,0.11989499999999996,,,
1897-11-01,-0.41009948,-0.05019460272666665,-0.19,0.0745416666666667,-0.748131,0.02890239166666675,-0.205,0.026894999999999974,,,
1897-12-01,-0.4532625,-0.09335762272666664,-0.21,0.054541666666666704,-0.700748,0.0762853916666667,-0.165,0.06689499999999995,,,
1898-01-01,-0.18524984,0.17465503727333337,-0.03,0.2345416666666667,-0.843895,-0.06686160833333321,-0.036,0.19589499999999996,,,
1898-02-01,-0.5439892,-0.18408432272666658,-0.31,-0.0454583333333333,-1.012978,-0.2359446083333332,-0.368,-0.13610500000000003,,,
1898-03-01,-0.83337635,-0.4734714727266666,-0.51,-0.2454583333333333,-1.140615,-0.3635816083333332,-0.423,-0.19110500000000002,,,
1898-04-01,-0.66045624,-0.30055136272666666,-0.3,-0.03545833333333329,-0.970203,-0.1931696083333333,-0.31,-0.07810500000000004,,,
1898-05-01,-0.5480182,-0.18811332272666664,-0.3,-0.03545833333333329,-0.874269,-0.09723560833333322,-0.298,-0.06610500000000002,,,
1898-06-01,-0.3343065,0.02559837727333336,-0.19,0.0745416666666667,-0.727709,0.04932439166666669,-0.201,0.03089499999999995,,,
1898-07-01,-0.39074147,-0.030836592726666612,-0.22,0.044541666666666695,-0.69581,0.0812233916666667,-0.234,-0.0021050000000000513,,,
1898-08-01,-0.3948271,-0.03492222272666662,-0.27,-0.005458333333333322,-0.695591,0.08144239166666678,-0.376,-0.14410500000000004,,,
1898-09-01,-0.35992736,-2.2482726666606112e-5,-0.22,0.044541666666666695,-0.750682,0.02635139166666678,-0.237,-0.005105000000000026,,,
1898-10-01,-0.4759396,-0.11603472272666665,-0.35,-0.08545833333333328,-0.947603,-0.17056960833333323,-0.367,-0.13510500000000003,,,
1898-11-01,-0.49485758,-0.13495270272666665,-0.38,-0.1154583333333333,-0.988888,-0.21185460833333325,-0.31,-0.07810500000000004,,,
1898-12-01,-0.46680996,-0.10690508272666666,-0.24,0.024541666666666705,-0.839118,-0.06208460833333329,-0.347,-0.11510500000000001,,,
1899-01-01,-0.34363872,0.01626615727333336,-0.17,0.09454166666666669,-0.893506,-0.11647260833333328,-0.227,0.004894999999999955,,,
1899-02-01,-0.5276006,-0.1676957227266666,-0.38,-0.1154583333333333,-0.966698,-0.1896646083333332,-0.282,-0.05010500000000001,,,
1899-03-01,-0.5633823,-0.20347742272666663,-0.36,-0.09545833333333328,-0.940726,-0.1636926083333332,-0.284,-0.05210500000000001,,,
1899-04-01,-0.41769972,-0.05779484272666663,-0.2,0.06454166666666669,-0.881349,-0.10431560833333331,-0.251,-0.01910500000000004,,,
1899-05-01,-0.3581083,0.0017965772733333774,-0.23,0.034541666666666686,-0.792928,-0.015894608333333227,-0.176,0.05589499999999997,,,
1899-06-01,-0.50719625,-0.14729137272666665,-0.31,-0.0454583333333333,-0.861467,-0.08443360833333324,-0.336,-0.10410500000000006,,,
1899-07-01,-0.36427894,-0.004374062726666628,-0.16,0.1045416666666667,-0.673665,0.10336839166666678,-0.215,0.016894999999999966,,,
1899-08-01,-0.23684002,0.12306485727333336,-0.08,0.1845416666666667,-0.649601,0.12743239166666676,-0.099,0.13289499999999996,,,
1899-09-01,-0.14301513,0.21688974727333338,-0.04,0.2245416666666667,-0.612648,0.16438539166666677,-0.114,0.11789499999999996,,,
1899-10-01,-0.17585902,0.18404585727333336,-0.03,0.2345416666666667,-0.728752,0.048281391666666784,-0.04,0.19189499999999995,,,
1899-11-01,-0.04654972,0.31335515727333335,0.12,0.38454166666666667,-0.659009,0.11802439166666678,0.117,0.34889499999999996,,,
1899-12-01,-0.44751418,-0.08760930272666662,-0.26,0.004541666666666687,-0.638824,0.1382093916666668,-0.07,0.16189499999999996,,,
1900-01-01,-0.4812047,-0.12129982272666662,-0.36,-0.09545833333333328,-0.88196,-0.10492660833333323,-0.209,0.02289499999999997,,,
1900-02-01,-0.19196466,0.16794021727333336,-0.06,0.2045416666666667,-0.5903,0.1867333916666667,0.137,0.368895,,,
1900-03-01,-0.19894376,0.16096111727333337,0.0,0.2645416666666667,-0.733649,0.043384391666666744,-0.051,0.18089499999999997,,,
1900-04-01,-0.22531228,0.13459259727333336,-0.09,0.1745416666666667,-0.728545,0.04848839166666674,-0.094,0.13789499999999996,,,
1900-05-01,-0.30053034,0.05937453727333336,-0.09,0.1745416666666667,-0.697022,0.08001139166666671,-0.136,0.09589499999999995,,,
1900-06-01,-0.22326255,0.13664232727333336,-0.1,0.1645416666666667,-0.609213,0.16782039166666674,-0.067,0.16489499999999996,,,
1900-07-01,-0.20973341,0.15017146727333336,-0.13,0.1345416666666667,-0.66844,0.1085933916666667,-0.156,0.07589499999999996,,,
1900-08-01,-0.21000378,0.14990109727333337,-0.09,0.1745416666666667,-0.681104,0.0959293916666667,-0.13,0.10189499999999996,,,
1900-09-01,-0.19286992,0.16703495727333337,-0.05,0.2145416666666667,-0.727249,0.049784391666666705,-0.082,0.14989499999999994,,,
1900-10-01,-0.057791393,0.30211348427333334,0.09,0.3545416666666667,-0.626394,0.15063939166666673,0.065,0.29689499999999996,,,
1900-11-01,-0.2571459,0.10275897727333339,-0.07,0.1945416666666667,-0.721951,0.05508239166666673,-0.089,0.14289499999999997,,,
1900-12-01,-0.21316338,0.14674149727333335,-0.07,0.1945416666666667,-0.625481,0.15155239166666679,0.02,0.251895,,,
1901-01-01,-0.26402086,0.09588401727333334,-0.23,0.034541666666666686,-0.789054,-0.012020608333333294,-0.186,0.045894999999999964,,,
1901-02-01,-0.25840166,0.10150321727333339,-0.1,0.1645416666666667,-0.782526,-0.005492608333333315,-0.097,0.13489499999999996,,,
1901-03-01,-0.17977652,0.18012835727333337,0.06,0.3245416666666667,-0.620472,0.15656139166666672,-0.098,0.13389499999999996,,,
1901-04-01,-0.16481967,0.19508520727333337,-0.03,0.2345416666666667,-0.624487,0.15254639166666673,0.006,0.23789499999999997,,,
1901-05-01,-0.23445186,0.12545301727333336,-0.15,0.11454166666666671,-0.691537,0.08549639166666678,-0.031,0.20089499999999996,,,
1901-06-01,-0.2560285,0.10387637727333338,-0.12,0.1445416666666667,-0.727197,0.04983639166666676,-0.161,0.07089499999999996,,,
1901-07-01,-0.34580567,0.014099207273333358,-0.14,0.12454166666666669,-0.70194,0.07509339166666673,-0.193,0.03889499999999996,,,
1901-08-01,-0.2113853,0.14851957727333337,-0.2,0.06454166666666669,-0.70218,0.07485339166666671,-0.193,0.03889499999999996,,,
1901-09-01,-0.3561651,0.0037397772733333556,-0.22,0.044541666666666695,-0.811158,-0.034124608333333306,-0.238,-0.006105000000000027,,,
1901-10-01,-0.33561262,0.024292257273333395,-0.29,-0.025458333333333284,-0.864535,-0.08750160833333331,-0.273,-0.04110500000000006,,,
1901-11-01,-0.37368178,-0.013776902726666651,-0.17,0.09454166666666669,-0.800973,-0.023939608333333307,-0.304,-0.07210500000000003,,,
1901-12-01,-0.46568483,-0.10577995272666663,-0.28,-0.015458333333333331,-0.696873,0.08016039166666677,-0.194,0.037894999999999956,,,
1902-01-01,-0.42511338,-0.06520850272666662,-0.17,0.09454166666666669,-0.809532,-0.03249860833333329,-0.196,0.035894999999999955,,,
1902-02-01,-0.22412084,0.13578403727333338,-0.08,0.1845416666666667,-0.708455,0.0685783916666668,-0.066,0.16589499999999996,,,
1902-03-01,-0.45577875,-0.09587387272666664,-0.27,-0.005458333333333322,-0.971507,-0.19447360833333327,-0.336,-0.10410500000000006,,,
1902-04-01,-0.44432157,-0.08441669272666663,-0.27,-0.005458333333333322,-0.866368,-0.08933460833333329,-0.261,-0.029105000000000047,,,
1902-05-01,-0.43461686,-0.07471198272666663,-0.32,-0.05545833333333331,-0.79331,-0.01627660833333322,-0.296,-0.06410500000000002,,,
1902-06-01,-0.4500647,-0.09015982272666662,-0.32,-0.05545833333333331,-0.730313,0.04672039166666675,-0.309,-0.07710500000000003,,,
1902-07-01,-0.4109188,-0.051013922726666605,-0.28,-0.015458333333333331,-0.725199,0.0518343916666667,-0.319,-0.08710500000000004,,,
1902-08-01,-0.4305061,-0.07060122272666663,-0.3,-0.03545833333333329,-0.779997,-0.002963608333333312,-0.371,-0.13910500000000003,,,
1902-09-01,-0.37308553,-0.01318065272666663,-0.29,-0.025458333333333284,-0.84132,-0.06428660833333322,-0.266,-0.03410500000000005,,,
1902-10-01,-0.49725753,-0.13735265272666664,-0.3,-0.03545833333333329,-0.872007,-0.09497360833333324,-0.436,-0.20410500000000004,,,
1902-11-01,-0.5539158,-0.1940109227266666,-0.37,-0.10545833333333329,-0.894614,-0.11758060833333328,-0.441,-0.20910500000000004,,,
1902-12-01,-0.5490247,-0.18911982272666666,-0.42,-0.15545833333333328,-0.929622,-0.1525886083333332,-0.388,-0.15610500000000005,,,
1903-01-01,-0.42252553,-0.06262065272666661,-0.24,0.024541666666666705,-0.81244,-0.03540660833333331,-0.201,0.03089499999999995,,,
1903-02-01,-0.23462331,0.12528156727333337,-0.06,0.2045416666666667,-0.881625,-0.10459160833333325,-0.226,0.005894999999999956,,,
1903-03-01,-0.40613472,-0.04622984272666664,-0.23,0.034541666666666686,-0.84827,-0.07123660833333323,-0.254,-0.02210500000000004,,,
1903-04-01,-0.5899058,-0.23000092272666667,-0.41,-0.14545833333333327,-1.05424,-0.2772066083333333,-0.495,-0.26310500000000003,,,
1903-05-01,-0.51376563,-0.1538607527266666,-0.4,-0.13545833333333332,-0.864821,-0.08778760833333321,-0.363,-0.13110500000000003,,,
1903-06-01,-0.549487,-0.18958212272666658,-0.42,-0.15545833333333328,-0.871459,-0.09442560833333324,-0.358,-0.12610500000000002,,,
1903-07-01,-0.5111622,-0.15125732272666664,-0.35,-0.08545833333333328,-0.908144,-0.1311106083333332,-0.469,-0.237105,,,
1903-08-01,-0.610684,-0.25077912272666664,-0.45,-0.1854583333333333,-0.975177,-0.19814360833333322,-0.619,-0.38710500000000003,,,
1903-09-01,-0.57118165,-0.21127677272666662,-0.49,-0.2254583333333333,-1.002901,-0.2258676083333333,-0.479,-0.24710500000000002,,,
1903-10-01,-0.67383254,-0.31392766272666667,-0.46,-0.19545833333333332,-1.068969,-0.2919356083333333,-0.492,-0.26010500000000003,,,
1903-11-01,-0.63105804,-0.2711531627266666,-0.42,-0.15545833333333328,-0.933216,-0.1561826083333333,-0.532,-0.30010500000000007,,,
1903-12-01,-0.70818734,-0.3482824627266667,-0.51,-0.2454583333333333,-1.09666,-0.31962660833333323,-0.53,-0.29810500000000006,,,
1904-01-01,-0.79704237,-0.43713749272666663,-0.63,-0.36545833333333333,-1.210495,-0.43346160833333336,-0.651,-0.41910500000000006,,,
1904-02-01,-0.76683724,-0.4069323627266666,-0.59,-0.3254583333333333,-1.166991,-0.38995760833333315,-0.656,-0.42410500000000007,,,
1904-03-01,-0.6939121,-0.33400722272666666,-0.51,-0.2454583333333333,-0.977299,-0.2002656083333333,-0.495,-0.26310500000000003,,,
1904-04-01,-0.6450014,-0.2850965227266666,-0.5,-0.2354583333333333,-1.119344,-0.34231060833333316,-0.469,-0.237105,,,
1904-05-01,-0.6114328,-0.25152792272666663,-0.52,-0.25545833333333334,-1.039244,-0.2622106083333333,-0.473,-0.241105,,,
1904-06-01,-0.568754,-0.20884912272666661,-0.48,-0.21545833333333328,-0.97976,-0.20272660833333322,-0.456,-0.22410500000000005,,,
1904-07-01,-0.5590097,-0.19910482272666669,-0.51,-0.2454583333333333,-0.961597,-0.1845636083333333,-0.505,-0.27310500000000004,,,
1904-08-01,-0.4840859,-0.12418102272666665,-0.49,-0.2254583333333333,-0.965429,-0.18839560833333324,-0.452,-0.22010500000000005,,,
1904-09-01,-0.60041285,-0.24050797272666663,-0.56,-0.2954583333333334,-1.02381,-0.24677660833333337,-0.526,-0.29410500000000006,,,
1904-10-01,-0.5525205,-0.1926156227266666,-0.39,-0.1254583333333333,-0.94825,-0.1712166083333333,-0.408,-0.176105,,,
1904-11-01,-0.39203608,-0.03213120272666664,-0.18,0.08454166666666671,-0.812097,-0.03506360833333322,-0.279,-0.047105000000000063,,,
1904-12-01,-0.49375394,-0.13384906272666663,-0.34,-0.07545833333333332,-0.81509,-0.03805660833333324,-0.327,-0.09510500000000005,,,
1905-01-01,-0.4566211,-0.09671622272666663,-0.35,-0.08545833333333328,-0.892963,-0.11592960833333321,-0.367,-0.13510500000000003,,,
1905-02-01,-0.71549875,-0.3555938727266666,-0.59,-0.3254583333333333,-1.154886,-0.37785260833333334,-0.634,-0.40210500000000005,,,
1905-03-01,-0.5188837,-0.15897882272666658,-0.21,0.054541666666666704,-0.918496,-0.14146260833333324,-0.472,-0.240105,,,
1905-04-01,-0.55835843,-0.1984535527266666,-0.33,-0.06545833333333331,-0.952376,-0.17534260833333326,-0.444,-0.21210500000000004,,,
1905-05-01,-0.4342178,-0.07431292272666662,-0.29,-0.025458333333333284,-0.807001,-0.02996760833333323,-0.287,-0.055105000000000015,,,
1905-06-01,-0.34481785,0.015087027273333387,-0.28,-0.015458333333333331,-0.722394,0.05463939166666676,-0.251,-0.01910500000000004,,,
1905-07-01,-0.37603787,-0.01613299272666663,-0.26,0.004541666666666687,-0.720348,0.05668539166666675,-0.238,-0.006105000000000027,,,
1905-08-01,-0.3058545,0.054050377273333394,-0.2,0.06454166666666669,-0.834467,-0.05743360833333322,-0.311,-0.07910500000000004,,,
1905-09-01,-0.34688962,0.013015257273333358,-0.19,0.0745416666666667,-0.898819,-0.1217856083333333,-0.313,-0.08110500000000004,,,
1905-10-01,-0.3343655,0.025539377273333386,-0.24,0.024541666666666705,-0.936666,-0.15963260833333326,-0.248,-0.016105000000000036,,,
1905-11-01,-0.2153892,0.14451567727333336,-0.07,0.1945416666666667,-0.815891,-0.03885760833333329,-0.258,-0.026105000000000045,,,
1905-12-01,-0.2643972,0.09550767727333337,-0.13,0.1345416666666667,-0.886505,-0.10947160833333325,-0.142,0.08989499999999997,,,
1906-01-01,-0.28453687,0.07536800727333337,-0.28,-0.015458333333333331,-0.962886,-0.18585260833333328,-0.192,0.03989499999999996,,,
1906-02-01,-0.3768958,-0.016990922726666635,-0.3,-0.03545833333333329,-0.87275,-0.09571660833333329,-0.244,-0.012105000000000032,,,
1906-03-01,-0.28155494,0.07834993727333339,-0.18,0.08454166666666671,-0.865977,-0.08894360833333326,-0.144,0.08789499999999997,,,
1906-04-01,-0.10025885,0.25964602727333336,-0.05,0.2145416666666667,-0.671653,0.1053803916666668,-0.036,0.19589499999999996,,,
1906-05-01,-0.3723094,-0.012404522726666645,-0.26,0.004541666666666687,-0.77774,-0.0007066083333332474,-0.312,-0.08010500000000004,,,
1906-06-01,-0.2292129,0.13069197727333337,-0.19,0.0745416666666667,-0.711221,0.06581239166666675,-0.164,0.06789499999999996,,,
1906-07-01,-0.34643295,0.01347192727333335,-0.23,0.034541666666666686,-0.679443,0.09759039166666672,-0.192,0.03989499999999996,,,
1906-08-01,-0.2723821,0.08752277727333335,-0.2,0.06454166666666669,-0.81869,-0.04165660833333329,-0.237,-0.005105000000000026,,,
1906-09-01,-0.3523126,0.007592277273333392,-0.28,-0.015458333333333331,-0.818052,-0.04101860833333326,-0.291,-0.05910500000000002,,,
1906-10-01,-0.3202604,0.03964447727333337,-0.19,0.0745416666666667,-0.783287,-0.006253608333333216,-0.162,0.06989499999999996,,,
1906-11-01,-0.53089225,-0.1709873727266666,-0.38,-0.1154583333333333,-0.866996,-0.08996260833333325,-0.234,-0.0021050000000000513,,,
1906-12-01,-0.31739596,0.04250891727333339,-0.15,0.11454166666666671,-0.625133,0.1519003916666667,-0.236,-0.004105000000000025,,,
1907-01-01,-0.516215,-0.1563101227266666,-0.43,-0.1654583333333333,-0.950514,-0.17348060833333323,-0.408,-0.176105,,,
1907-02-01,-0.6153823,-0.2554774227266667,-0.51,-0.2454583333333333,-1.130401,-0.35336760833333325,-0.502,-0.27010500000000004,,,
1907-03-01,-0.42705113,-0.06714625272666663,-0.27,-0.005458333333333322,-0.952892,-0.17585860833333322,-0.308,-0.07610500000000003,,,
1907-04-01,-0.47172624,-0.11182136272666665,-0.37,-0.10545833333333329,-1.049604,-0.27257060833333324,-0.351,-0.11910500000000002,,,
1907-05-01,-0.6374959,-0.27759102272666664,-0.46,-0.19545833333333332,-1.020077,-0.24304360833333316,-0.524,-0.29210500000000006,,,
1907-06-01,-0.53865796,-0.17875308272666662,-0.42,-0.15545833333333328,-0.95819,-0.18115660833333325,-0.462,-0.23010500000000006,,,
1907-07-01,-0.43119016,-0.07128528272666662,-0.35,-0.08545833333333328,-0.839952,-0.06291860833333329,-0.407,-0.175105,,,
1907-08-01,-0.49268502,-0.1327801427266666,-0.34,-0.07545833333333332,-0.883626,-0.10659260833333328,-0.444,-0.21210500000000004,,,
1907-09-01,-0.40008837,-0.04018349272666666,-0.34,-0.07545833333333332,-0.889597,-0.11256360833333323,-0.401,-0.16910500000000006,,,
1907-10-01,-0.33222163,0.027683247273333378,-0.23,0.034541666666666686,-0.837203,-0.06016960833333329,-0.232,-0.0001050000000000495,,,
1907-11-01,-0.54834944,-0.1884445627266666,-0.47,-0.20545833333333327,-0.984739,-0.2077056083333333,-0.483,-0.251105,,,
1907-12-01,-0.5827084,-0.22280352272666665,-0.48,-0.21545833333333328,-1.018499,-0.2414656083333333,-0.396,-0.16410500000000006,,,
1908-01-01,-0.4519169,-0.09201202272666664,-0.45,-0.1854583333333333,-1.083008,-0.30597460833333323,-0.446,-0.21410500000000005,,,
1908-02-01,-0.40590233,-0.04599745272666661,-0.33,-0.06545833333333331,-0.883886,-0.10685260833333321,-0.357,-0.12510500000000002,,,
1908-03-01,-0.69665587,-0.3367509927266666,-0.56,-0.2954583333333334,-1.154411,-0.37737760833333334,-0.622,-0.39010500000000004,,,
1908-04-01,-0.5814311,-0.2215262227266666,-0.44,-0.1754583333333333,-1.13921,-0.3621766083333333,-0.577,-0.345105,,,
1908-05-01,-0.43790126,-0.07799638272666665,-0.38,-0.1154583333333333,-0.93968,-0.16264660833333322,-0.416,-0.18410500000000002,,,
1908-06-01,-0.40913704,-0.04923216272666664,-0.38,-0.1154583333333333,-0.900134,-0.12310060833333325,-0.436,-0.20410500000000004,,,
1908-07-01,-0.3958542,-0.03594932272666662,-0.35,-0.08545833333333328,-0.859053,-0.08201960833333322,-0.336,-0.10410500000000006,,,
1908-08-01,-0.48095068,-0.12104580272666665,-0.46,-0.19545833333333332,-1.002983,-0.22594960833333322,-0.49,-0.25810500000000003,,,
1908-09-01,-0.38329068,-0.023385802726666627,-0.35,-0.08545833333333328,-0.963241,-0.18620760833333327,-0.362,-0.13010500000000003,,,
1908-10-01,-0.5676706,-0.20776572272666666,-0.44,-0.1754583333333333,-1.040969,-0.2639356083333333,-0.385,-0.15310500000000005,,,
1908-11-01,-0.6378442,-0.2779393227266666,-0.52,-0.25545833333333334,-1.024392,-0.24735860833333323,-0.551,-0.3191050000000001,,,
1908-12-01,-0.6300813,-0.2701764227266666,-0.49,-0.2254583333333333,-1.019547,-0.24251360833333324,-0.527,-0.29510500000000006,,,
1909-01-01,-0.75475407,-0.3948491927266667,-0.73,-0.46545833333333336,-1.219186,-0.44215260833333336,-0.642,-0.41010500000000005,,,
1909-02-01,-0.53297746,-0.17307258272666665,-0.46,-0.19545833333333332,-1.018888,-0.24185460833333328,-0.498,-0.26610500000000004,,,
1909-03-01,-0.6513177,-0.29141282272666663,-0.54,-0.27545833333333336,-1.128267,-0.35123360833333317,-0.574,-0.342105,,,
1909-04-01,-0.63047636,-0.2705714827266666,-0.59,-0.3254583333333333,-1.079163,-0.30212960833333335,-0.562,-0.3301050000000001,,,
1909-05-01,-0.5888554,-0.22895052272666666,-0.55,-0.28545833333333337,-0.968572,-0.19153860833333325,-0.501,-0.26910500000000004,,,
1909-06-01,-0.5068625,-0.14695762272666663,-0.52,-0.25545833333333334,-0.975155,-0.19812160833333325,-0.442,-0.21010500000000004,,,
1909-07-01,-0.52792674,-0.16802186272666658,-0.45,-0.1854583333333333,-0.956151,-0.17911760833333323,-0.514,-0.28210500000000005,,,
1909-08-01,-0.32849208,0.03141279727333335,-0.34,-0.07545833333333332,-0.897771,-0.12073760833333325,-0.311,-0.07910500000000004,,,
1909-09-01,-0.4074357,-0.047530822726666644,-0.39,-0.1254583333333333,-0.92854,-0.1515066083333333,-0.363,-0.13110500000000003,,,
1909-10-01,-0.4895774,-0.12967252272666663,-0.4,-0.13545833333333332,-0.912217,-0.1351836083333332,-0.399,-0.16710500000000006,,,
1909-11-01,-0.38432604,-0.024421162726666612,-0.33,-0.06545833333333331,-0.865566,-0.08853260833333321,-0.352,-0.12010500000000002,,,
1909-12-01,-0.59183717,-0.23193229272666666,-0.56,-0.2954583333333334,-0.981521,-0.20448760833333324,-0.433,-0.20110500000000003,,,
1910-01-01,-0.4175011,-0.057596222726666646,-0.43,-0.1654583333333333,-0.917236,-0.1402026083333333,-0.37,-0.13810500000000003,,,
1910-02-01,-0.504873,-0.14496812272666665,-0.42,-0.15545833333333328,-1.018019,-0.24098560833333327,-0.402,-0.17010500000000006,,,
1910-03-01,-0.6017962,-0.24189132272666664,-0.51,-0.2454583333333333,-1.090266,-0.3132326083333332,-0.515,-0.28310500000000005,,,
1910-04-01,-0.5250092,-0.16510432272666659,-0.43,-0.1654583333333333,-1.015923,-0.23888960833333317,-0.534,-0.30210500000000007,,,
1910-05-01,-0.52313983,-0.1632349527266666,-0.35,-0.08545833333333328,-0.902085,-0.1250516083333333,-0.375,-0.14310500000000004,,,
1910-06-01,-0.55233157,-0.19242669272666663,-0.39,-0.1254583333333333,-0.884202,-0.1071686083333333,-0.457,-0.22510500000000006,,,
1910-07-01,-0.44205436,-0.08214948272666661,-0.35,-0.08545833333333328,-0.871392,-0.09435860833333332,-0.346,-0.11410500000000001,,,
1910-08-01,-0.39081913,-0.030914252726666647,-0.37,-0.10545833333333329,-0.846705,-0.0696716083333333,-0.384,-0.15210500000000005,,,
1910-09-01,-0.41755286,-0.05764798272666666,-0.39,-0.1254583333333333,-0.922594,-0.14556060833333329,-0.403,-0.17110500000000006,,,
1910-10-01,-0.477344,-0.11743912272666662,-0.41,-0.14545833333333327,-0.974145,-0.1971116083333333,-0.375,-0.14310500000000004,,,
1910-11-01,-0.6679573,-0.3080524227266666,-0.57,-0.3054583333333333,-0.950526,-0.17349260833333324,-0.574,-0.342105,,,
1910-12-01,-0.7446145,-0.3847096227266666,-0.68,-0.4154583333333334,-1.10352,-0.3264866083333333,-0.566,-0.334105,,,
1911-01-01,-0.6562781,-0.2963732227266666,-0.62,-0.3554583333333333,-1.131336,-0.35430260833333316,-0.535,-0.30310500000000007,,,
1911-02-01,-0.7064465,-0.3465416227266666,-0.58,-0.3154583333333333,-1.226835,-0.44980160833333316,-0.6,-0.368105,,,
1911-03-01,-0.7646965,-0.40479162272666663,-0.61,-0.3454583333333333,-1.253284,-0.4762506083333333,-0.601,-0.369105,,,
1911-04-01,-0.6419462,-0.28204132272666665,-0.54,-0.27545833333333336,-0.999806,-0.22277260833333323,-0.567,-0.335105,,,
1911-05-01,-0.64146996,-0.28156508272666664,-0.52,-0.25545833333333334,-1.016557,-0.2395236083333332,-0.498,-0.26610500000000004,,,
1911-06-01,-0.5602989,-0.20039402272666668,-0.51,-0.2454583333333333,-0.988462,-0.2114286083333332,-0.497,-0.26510500000000004,,,
1911-07-01,-0.49698126,-0.1370763827266666,-0.43,-0.1654583333333333,-0.936021,-0.15898760833333325,-0.5,-0.26810500000000004,,,
1911-08-01,-0.50997514,-0.15007026272666663,-0.44,-0.1754583333333333,-0.938287,-0.16125360833333324,-0.462,-0.23010500000000006,,,
1911-09-01,-0.5009675,-0.14106262272666664,-0.41,-0.14545833333333327,-0.917795,-0.1407616083333333,-0.457,-0.22510500000000006,,,
1911-10-01,-0.35211805,0.007786827273333352,-0.27,-0.005458333333333322,-0.809971,-0.03293760833333326,-0.224,0.007894999999999958,,,
1911-11-01,-0.34346193,0.01644294727333334,-0.22,0.044541666666666695,-0.790249,-0.01321560833333324,-0.235,-0.0031050000000000244,,,
1911-12-01,-0.30291378,0.056991097273333347,-0.23,0.034541666666666686,-0.778503,-0.0014696083333332055,-0.112,0.11989499999999996,,,
1912-01-01,-0.32610142,0.03380345727333339,-0.27,-0.005458333333333322,-0.882086,-0.1050526083333333,-0.204,0.027894999999999975,,,
1912-02-01,-0.31227106,0.04763381727333338,-0.16,0.1045416666666667,-0.848657,-0.07162360833333326,-0.15,0.08189499999999997,,,
1912-03-01,-0.5567954,-0.19689052272666668,-0.39,-0.1254583333333333,-1.037975,-0.26094160833333335,-0.348,-0.11610500000000001,,,
1912-04-01,-0.33766785,0.022237027273333376,-0.19,0.0745416666666667,-0.82014,-0.04310660833333324,-0.25,-0.018105000000000038,,,
1912-05-01,-0.33525148,0.024653397273333377,-0.22,0.044541666666666695,-0.792938,-0.015904608333333292,-0.274,-0.04210500000000006,,,
1912-06-01,-0.29028827,0.06961660727333335,-0.25,0.014541666666666696,-0.788634,-0.011600608333333207,-0.193,0.03889499999999996,,,
1912-07-01,-0.51029885,-0.1503939727266666,-0.43,-0.1654583333333333,-0.905335,-0.12830160833333326,-0.316,-0.08410500000000004,,,
1912-08-01,-0.58027655,-0.22037167272666663,-0.55,-0.28545833333333337,-1.020236,-0.24320260833333318,-0.494,-0.26210500000000003,,,
1912-09-01,-0.6464319,-0.2865270227266666,-0.57,-0.3054583333333333,-1.019214,-0.24218060833333332,-0.541,-0.3091050000000001,,,
1912-10-01,-0.6850322,-0.3251273227266666,-0.58,-0.3154583333333333,-1.142407,-0.3653736083333332,-0.512,-0.28010500000000005,,,
1912-11-01,-0.5564262,-0.19652132272666661,-0.4,-0.13545833333333332,-0.849202,-0.07216860833333327,-0.394,-0.16210500000000005,,,
1912-12-01,-0.5769099,-0.2170050227266666,-0.43,-0.1654583333333333,-0.877956,-0.10092260833333322,-0.398,-0.16610500000000006,,,
1913-01-01,-0.54632044,-0.18641556272666665,-0.4,-0.13545833333333332,-0.964241,-0.18720760833333328,-0.473,-0.241105,,,
1913-02-01,-0.53957146,-0.17966658272666663,-0.45,-0.1854583333333333,-0.961593,-0.1845596083333333,-0.486,-0.254105,,,
1913-03-01,-0.60106343,-0.2411585527266666,-0.43,-0.1654583333333333,-1.076386,-0.2993526083333333,-0.472,-0.240105,,,
1913-04-01,-0.5226398,-0.16273492272666662,-0.4,-0.13545833333333332,-0.988414,-0.21138060833333328,-0.355,-0.12310500000000002,,,
1913-05-01,-0.5475157,-0.18761082272666668,-0.44,-0.1754583333333333,-0.951294,-0.17426060833333323,-0.424,-0.19210500000000003,,,
1913-06-01,-0.54598063,-0.1860757527266666,-0.45,-0.1854583333333333,-0.904116,-0.1270826083333333,-0.425,-0.19310500000000003,,,
1913-07-01,-0.487307,-0.12740212272666662,-0.36,-0.09545833333333328,-0.838272,-0.06123860833333328,-0.387,-0.15510500000000005,,,
1913-08-01,-0.3996715,-0.039766622726666645,-0.33,-0.06545833333333331,-0.806875,-0.02984160833333327,-0.343,-0.11110500000000006,,,
1913-09-01,-0.41825762,-0.05835274272666663,-0.35,-0.08545833333333328,-0.908204,-0.13117060833333327,-0.438,-0.20610500000000004,,,
1913-10-01,-0.44224253,-0.08233765272666665,-0.32,-0.05545833333333331,-0.897569,-0.12053560833333321,-0.303,-0.07110500000000003,,,
1913-11-01,-0.36150652,-0.00160164272666663,-0.21,0.054541666666666704,-0.808272,-0.03123860833333325,-0.198,0.03389499999999995,,,
1913-12-01,-0.15013762,0.20976725727333337,-0.03,0.2345416666666667,-0.596401,0.18063239166666678,0.046,0.27789499999999995,,,
1914-01-01,-0.07075577,0.2891491072733334,0.05,0.31454166666666666,-0.667589,0.10944439166666675,-0.051,0.18089499999999997,,,
1914-02-01,-0.25545025,0.10445462727333338,-0.09,0.1745416666666667,-0.741957,0.03507639166666676,-0.238,-0.006105000000000027,,,
1914-03-01,-0.39181992,-0.03191504272666662,-0.24,0.024541666666666705,-0.887666,-0.11063260833333322,-0.348,-0.11610500000000001,,,
1914-04-01,-0.4009329,-0.04102802272666661,-0.29,-0.025458333333333284,-0.796316,-0.019282608333333284,-0.321,-0.08910500000000005,,,
1914-05-01,-0.30851153,0.05139334727333339,-0.21,0.054541666666666704,-0.725733,0.05130039166666678,-0.319,-0.08710500000000004,,,
1914-06-01,-0.3108636,0.04904127727333335,-0.25,0.014541666666666696,-0.726613,0.050420391666666786,-0.26,-0.028105000000000047,,,
1914-07-01,-0.29794353,0.061961347273333356,-0.23,0.034541666666666686,-0.789412,-0.012378608333333263,-0.18,0.05189499999999997,,,
1914-08-01,-0.24536806,0.11453681727333337,-0.16,0.1045416666666667,-0.790735,-0.013701608333333226,-0.148,0.08389499999999997,,,
1914-09-01,-0.30247036,0.057434517273333374,-0.16,0.1045416666666667,-0.797615,-0.020581608333333223,-0.21,0.02189499999999997,,,
1914-10-01,-0.10999061,0.24991426727333338,-0.03,0.2345416666666667,-0.638304,0.13872939166666676,0.002,0.23389499999999996,,,
1914-11-01,-0.18151161,0.17839326727333338,-0.16,0.1045416666666667,-0.590952,0.1860813916666667,-0.129,0.10289499999999996,,,
1914-12-01,-0.23782916,0.12207571727333336,-0.04,0.2245416666666667,-0.610896,0.16613739166666674,-0.094,0.13789499999999996,,,
1915-01-01,-0.2835154,0.0763894772733334,-0.22,0.044541666666666695,-0.793347,-0.016313608333333285,-0.237,-0.005105000000000026,,,
1915-02-01,-0.21343437,0.14647050727333336,-0.04,0.2245416666666667,-0.772836,0.004197391666666772,-0.177,0.05489499999999997,,,
1915-03-01,-0.19529667,0.16460820727333336,-0.09,0.1745416666666667,-0.687057,0.08997639166666671,0.002,0.23389499999999996,,,
1915-04-01,-0.08560986,0.2742950172733334,0.06,0.3245416666666667,-0.550917,0.22611639166666675,-0.074,0.15789499999999995,,,
1915-05-01,-0.17682685,0.18307802727333336,-0.05,0.2145416666666667,-0.604043,0.17299039166666674,-0.034,0.19789499999999996,,,
1915-06-01,-0.17441633,0.18548854727333336,-0.22,0.044541666666666695,-0.666618,0.1104153916666667,-0.062,0.16989499999999996,,,
1915-07-01,-0.17673115,0.18317372727333336,-0.12,0.1445416666666667,-0.565748,0.2112853916666667,-0.122,0.10989499999999996,,,
1915-08-01,-0.064133756,0.2957711212733334,-0.22,0.044541666666666695,-0.623622,0.15341139166666673,-0.101,0.13089499999999996,,,
1915-09-01,-0.112291776,0.24761310127333336,-0.2,0.06454166666666669,-0.684946,0.09208739166666668,-0.177,0.05489499999999997,,,
1915-10-01,-0.28237036,0.07753451727333338,-0.24,0.024541666666666705,-0.782234,-0.005200608333333245,-0.117,0.11489499999999996,,,
1915-11-01,-0.16992375,0.18998112727333336,-0.13,0.1345416666666667,-0.63588,0.14115339166666674,-0.06,0.17189499999999996,,,
1915-12-01,-0.35247612,0.007428757273333364,-0.21,0.054541666666666704,-0.827465,-0.05043160833333327,-0.237,-0.005105000000000026,,,
1916-01-01,-0.33612216,0.023782717273333365,-0.13,0.1345416666666667,-0.767453,0.009580391666666688,-0.206,0.025894999999999974,,,
1916-02-01,-0.26491648,0.09498839727333336,-0.15,0.11454166666666671,-0.859197,-0.08216360833333325,-0.118,0.11389499999999997,,,
1916-03-01,-0.43507338,-0.07516850272666664,-0.28,-0.015458333333333331,-0.920307,-0.14327360833333325,-0.328,-0.09610500000000005,,,
1916-04-01,-0.38061446,-0.02070958272666662,-0.31,-0.0454583333333333,-0.794424,-0.01739060833333328,-0.31,-0.07810500000000004,,,
1916-05-01,-0.42662773,-0.06672285272666661,-0.36,-0.09545833333333328,-0.790938,-0.01390460833333329,-0.285,-0.05310500000000001,,,
1916-06-01,-0.49785638,-0.13795150272666662,-0.49,-0.2254583333333333,-0.822414,-0.04538060833333324,-0.354,-0.12210500000000002,,,
1916-07-01,-0.38625917,-0.026354292726666617,-0.36,-0.09545833333333328,-0.871088,-0.09405460833333323,-0.285,-0.05310500000000001,,,
1916-08-01,-0.29655352,0.06335135727333335,-0.27,-0.005458333333333322,-0.816922,-0.0398886083333333,-0.302,-0.07010500000000003,,,
1916-09-01,-0.3252342,0.034670677273333395,-0.36,-0.09545833333333328,-0.864382,-0.08734860833333324,-0.357,-0.12510500000000002,,,
1916-10-01,-0.3723561,-0.012451222726666655,-0.33,-0.06545833333333331,-0.927349,-0.15031560833333324,-0.426,-0.19410500000000003,,,
1916-11-01,-0.5093867,-0.1494818227266666,-0.47,-0.20545833333333327,-1.105788,-0.32875460833333325,-0.539,-0.3071050000000001,,,
1916-12-01,-0.8116807,-0.45177582272666666,-0.82,-0.5554583333333332,-1.238286,-0.46125260833333326,-0.66,-0.42810500000000007,,,
1917-01-01,-0.6917105,-0.33180562272666664,-0.57,-0.3054583333333333,-1.107931,-0.33089760833333326,-0.624,-0.39210500000000004,,,
1917-02-01,-0.7163067,-0.3564018227266666,-0.62,-0.3554583333333333,-1.234404,-0.4573706083333333,-0.689,-0.457105,,,
1917-03-01,-0.78046644,-0.4205615627266666,-0.64,-0.37545833333333334,-1.337015,-0.5599816083333333,-0.798,-0.5661050000000001,,,
1917-04-01,-0.5435676,-0.18366272272666667,-0.55,-0.28545833333333337,-1.047287,-0.27025360833333334,-0.494,-0.26210500000000003,,,
1917-05-01,-0.64062136,-0.28071648272666666,-0.56,-0.2954583333333334,-1.101492,-0.3244586083333332,-0.545,-0.3131050000000001,,,
1917-06-01,-0.4783983,-0.11849342272666663,-0.44,-0.1754583333333333,-0.939517,-0.1624836083333333,-0.427,-0.19510500000000003,,,
1917-07-01,-0.2574917,0.10241317727333338,-0.25,0.014541666666666696,-0.712271,0.06476239166666675,-0.224,0.007894999999999958,,,
1917-08-01,-0.33890095,0.02100392727333339,-0.22,0.044541666666666695,-0.838367,-0.061333608333333234,-0.246,-0.014105000000000034,,,
1917-09-01,-0.30343127,0.05647360727333339,-0.23,0.034541666666666686,-0.819279,-0.04224560833333324,-0.177,0.05489499999999997,,,
1917-10-01,-0.53336895,-0.17346407272666658,-0.44,-0.1754583333333333,-1.03733,-0.26029660833333335,-0.387,-0.15510500000000005,,,
1917-11-01,-0.45498002,-0.09507514272666662,-0.34,-0.07545833333333332,-1.000943,-0.22390960833333318,-0.457,-0.22510500000000006,,,
1917-12-01,-0.7874779,-0.4275730227266666,-0.68,-0.4154583333333334,-1.195395,-0.41836160833333325,-0.72,-0.488105,,,
1918-01-01,-0.5187787,-0.15887382272666667,-0.48,-0.21545833333333328,-1.114717,-0.3376836083333332,-0.493,-0.26110500000000003,,,
1918-02-01,-0.6765551,-0.3166502227266666,-0.35,-0.08545833333333328,-1.142458,-0.36542460833333323,-0.602,-0.370105,,,
1918-03-01,-0.58216375,-0.2222588727266666,-0.26,0.004541666666666687,-1.014251,-0.23721760833333327,-0.487,-0.255105,,,
1918-04-01,-0.6266912,-0.26678632272666664,-0.44,-0.1754583333333333,-1.108023,-0.33098960833333324,-0.465,-0.23310500000000006,,,
1918-05-01,-0.5272658,-0.16736092272666664,-0.44,-0.1754583333333333,-0.989902,-0.2128686083333332,-0.434,-0.20210500000000003,,,
1918-06-01,-0.38915306,-0.029248182726666627,-0.36,-0.09545833333333328,-0.986242,-0.2092086083333332,-0.373,-0.14110500000000004,,,
1918-07-01,-0.3706182,-0.010713322726666641,-0.32,-0.05545833333333331,-0.814872,-0.0378386083333333,-0.291,-0.05910500000000002,,,
1918-08-01,-0.4441473,-0.08424242272666665,-0.32,-0.05545833333333331,-0.930238,-0.15320460833333327,-0.412,-0.18010500000000002,,,
1918-09-01,-0.27426752,0.08563735727333338,-0.17,0.09454166666666669,-0.780003,-0.0029696083333332624,-0.206,0.025894999999999974,,,
1918-10-01,-0.11720026,0.24270461727333337,-0.06,0.2045416666666667,-0.735939,0.04109439166666673,-0.055,0.17689499999999997,,,
1918-11-01,-0.16862817,0.19127670727333337,-0.11,0.1545416666666667,-0.797701,-0.020667608333333254,-0.044,0.18789499999999998,,,
1918-12-01,-0.4169153,-0.05701042272666662,-0.29,-0.025458333333333284,-0.83784,-0.06080660833333329,-0.229,0.002894999999999953,,,
1919-01-01,-0.24290186,0.11700301727333337,-0.2,0.06454166666666669,-0.701699,0.07533439166666678,-0.24,-0.008105000000000029,,,
1919-02-01,-0.23586705,0.12403782727333337,-0.23,0.034541666666666686,-0.88657,-0.10953660833333323,-0.188,0.04389499999999996,,,
1919-03-01,-0.39355487,-0.03364999272666663,-0.21,0.054541666666666704,-0.960024,-0.18299060833333325,-0.367,-0.13510500000000003,,,
1919-04-01,-0.20925753,0.15064734727333337,-0.13,0.1345416666666667,-0.639048,0.1379853916666668,-0.163,0.06889499999999996,,,
1919-05-01,-0.31249607,0.04740880727333335,-0.28,-0.015458333333333331,-0.758705,0.018328391666666777,-0.231,0.0008949999999999514,,,
1919-06-01,-0.36950374,-0.009598862726666657,-0.36,-0.09545833333333328,-0.803365,-0.026331608333333256,-0.283,-0.05110500000000001,,,
1919-07-01,-0.32062152,0.039283357273333375,-0.29,-0.025458333333333284,-0.803032,-0.02599860833333323,-0.319,-0.08710500000000004,,,
1919-08-01,-0.2578348,0.10207007727333339,-0.33,-0.06545833333333331,-0.849394,-0.07236060833333324,-0.342,-0.11010500000000006,,,
1919-09-01,-0.29425618,0.06564869727333339,-0.25,0.014541666666666696,-0.736705,0.040328391666666685,-0.312,-0.08010500000000004,,,
1919-10-01,-0.27244198,0.0874628972733334,-0.2,0.06454166666666669,-0.862516,-0.08548260833333321,-0.258,-0.026105000000000045,,,
1919-11-01,-0.5609775,-0.20107262272666665,-0.42,-0.15545833333333328,-0.8769,-0.09986660833333327,-0.377,-0.14510500000000004,,,
1919-12-01,-0.5190008,-0.15909592272666667,-0.43,-0.1654583333333333,-0.854211,-0.07717760833333331,-0.367,-0.13510500000000003,,,
1920-01-01,-0.27549672,0.0844081572733334,-0.25,0.014541666666666696,-0.653842,0.1231913916666667,-0.19,0.04189499999999996,,,
1920-02-01,-0.5446297,-0.18472482272666663,-0.27,-0.005458333333333322,-0.857998,-0.0809646083333333,-0.308,-0.07610500000000003,,,
1920-03-01,-0.16858278,0.19132209727333338,-0.12,0.1445416666666667,-0.723134,0.053899391666666685,-0.163,0.06889499999999996,,,
1920-04-01,-0.34182736,0.018077517273333343,-0.25,0.014541666666666696,-0.888919,-0.11188560833333328,-0.242,-0.01010500000000003,,,
1920-05-01,-0.25982708,0.10007779727333338,-0.27,-0.005458333333333322,-0.697419,0.07961439166666673,-0.175,0.05689499999999997,,,
1920-06-01,-0.2526152,0.10728967727333338,-0.36,-0.09545833333333328,-0.744421,0.03261239166666674,-0.155,0.07689499999999996,,,
1920-07-01,-0.3183703,0.04153457727333337,-0.3,-0.03545833333333329,-0.796847,-0.019813608333333232,-0.284,-0.05210500000000001,,,
1920-08-01,-0.23367624,0.12622863727333336,-0.27,-0.005458333333333322,-0.798925,-0.021891608333333257,-0.198,0.03389499999999995,,,
1920-09-01,-0.20521392,0.15469095727333337,-0.22,0.044541666666666695,-0.768037,0.00899639166666677,-0.12,0.11189499999999997,,,
1920-10-01,-0.22215475,0.13775012727333336,-0.26,0.004541666666666687,-0.772934,0.00409939166666673,-0.136,0.09589499999999995,,,
1920-11-01,-0.3386833,0.021221577273333347,-0.27,-0.005458333333333322,-0.850585,-0.0735516083333333,-0.164,0.06789499999999996,,,
1920-12-01,-0.4916411,-0.13173622272666663,-0.47,-0.20545833333333327,-0.980632,-0.2035986083333332,-0.338,-0.10610500000000006,,,
1921-01-01,-0.23009698,0.12980789727333336,-0.05,0.2145416666666667,-0.706177,0.07085639166666668,-0.178,0.05389499999999997,,,
1921-02-01,-0.29526424,0.06464063727333336,-0.18,0.08454166666666671,-0.891359,-0.11432560833333327,-0.203,0.02889499999999995,,,
1921-03-01,-0.34817618,0.011728697273333366,-0.23,0.034541666666666686,-0.905824,-0.12879060833333322,-0.313,-0.08110500000000004,,,
1921-04-01,-0.29409987,0.06580500727333338,-0.3,-0.03545833333333329,-0.853232,-0.07619860833333325,-0.274,-0.04210500000000006,,,
1921-05-01,-0.30036768,0.05953719727333334,-0.3,-0.03545833333333329,-0.75606,0.020973391666666785,-0.245,-0.013105000000000033,,,
1921-06-01,-0.15941109,0.20049378727333336,-0.27,-0.005458333333333322,-0.716861,0.06017239166666677,-0.167,0.06489499999999995,,,
1921-07-01,-0.15206353,0.20784134727333337,-0.15,0.11454166666666671,-0.678059,0.09897439166666677,-0.078,0.15389499999999995,,,
1921-08-01,-0.3168488,0.04305607727333338,-0.26,0.004541666666666687,-0.782681,-0.0056476083333332205,-0.144,0.08789499999999997,,,
1921-09-01,-0.1970843,0.16282057727333338,-0.19,0.0745416666666667,-0.784461,-0.007427608333333224,-0.148,0.08389499999999997,,,
1921-10-01,-0.12933318,0.23057169727333338,-0.03,0.2345416666666667,-0.713017,0.06401639166666673,-0.021,0.21089499999999997,,,
1921-11-01,-0.1936054,0.16629947727333336,-0.15,0.11454166666666671,-0.703826,0.07320739166666679,-0.086,0.14589499999999997,,,
1921-12-01,-0.28037155,0.07953332727333334,-0.18,0.08454166666666671,-0.701821,0.07521239166666671,-0.091,0.14089499999999996,,,
1922-01-01,-0.41835487,-0.05844999272666662,-0.34,-0.07545833333333332,-0.860175,-0.08314160833333328,-0.275,-0.04310500000000006,,,
1922-02-01,-0.4056852,-0.045780322726666656,-0.45,-0.1854583333333333,-1.02921,-0.2521766083333332,-0.318,-0.08610500000000004,,,
1922-03-01,-0.33042884,0.029476037273333366,-0.15,0.11454166666666671,-0.827728,-0.05069460833333328,-0.194,0.037894999999999956,,,
1922-04-01,-0.29484954,0.06505533727333335,-0.23,0.034541666666666686,-0.781096,-0.004062608333333273,-0.117,0.11489499999999996,,,
1922-05-01,-0.4677514,-0.10784652272666662,-0.33,-0.06545833333333331,-0.89433,-0.11729660833333322,-0.291,-0.05910500000000002,,,
1922-06-01,-0.29670164,0.06320323727333338,-0.3,-0.03545833333333329,-0.861742,-0.08470860833333327,-0.296,-0.06410500000000002,,,
1922-07-01,-0.2639083,0.09599657727333338,-0.27,-0.005458333333333322,-0.829503,-0.05246960833333325,-0.176,0.05589499999999997,,,
1922-08-01,-0.35398406,0.005920817273333379,-0.33,-0.06545833333333331,-0.909176,-0.13214260833333324,-0.316,-0.08410500000000004,,,
1922-09-01,-0.31672782,0.043177057273333375,-0.35,-0.08545833333333328,-0.857175,-0.08014160833333328,-0.306,-0.07410500000000003,,,
1922-10-01,-0.34727657,0.012628307273333361,-0.31,-0.0454583333333333,-0.868074,-0.09104060833333327,-0.237,-0.005105000000000026,,,
1922-11-01,-0.2543594,0.10554547727333335,-0.14,0.12454166666666669,-0.665868,0.11116539166666672,-0.207,0.024894999999999973,,,
1922-12-01,-0.3075381,0.05236677727333339,-0.19,0.0745416666666667,-0.691503,0.08553039166666676,-0.233,-0.0011050000000000504,,,
1923-01-01,-0.40358266,-0.043677782726666614,-0.27,-0.005458333333333322,-0.857005,-0.07997160833333328,-0.261,-0.029105000000000047,,,
1923-02-01,-0.48835424,-0.12844936272666663,-0.39,-0.1254583333333333,-0.929192,-0.15215860833333328,-0.37,-0.13810500000000003,,,
1923-03-01,-0.45963058,-0.09972570272666664,-0.34,-0.07545833333333332,-1.03592,-0.2588866083333332,-0.389,-0.15710500000000005,,,
1923-04-01,-0.40758264,-0.04767776272666663,-0.41,-0.14545833333333327,-0.908424,-0.13139060833333327,-0.296,-0.06410500000000002,,,
1923-05-01,-0.40082577,-0.04092089272666666,-0.34,-0.07545833333333332,-0.848439,-0.07140560833333331,-0.226,0.005894999999999956,,,
1923-06-01,-0.25995073,0.09995414727333335,-0.29,-0.025458333333333284,-0.749601,0.027432391666666778,-0.129,0.10289499999999996,,,
1923-07-01,-0.41432616,-0.05442128272666663,-0.31,-0.0454583333333333,-0.892954,-0.11592060833333329,-0.245,-0.013105000000000033,,,
1923-08-01,-0.32122013,0.038684747273333375,-0.33,-0.06545833333333331,-0.920712,-0.14367860833333324,-0.257,-0.025105000000000044,,,
1923-09-01,-0.33364418,0.026260697273333355,-0.31,-0.0454583333333333,-0.877946,-0.10091260833333326,-0.277,-0.04510500000000006,,,
1923-10-01,-0.16849536,0.19140951727333336,-0.13,0.1345416666666667,-0.774696,0.0023373916666666883,-0.04,0.19189499999999995,,,
1923-11-01,-0.025101868,0.3348030092733334,-0.02,0.2445416666666667,-0.60231,0.17472339166666673,0.027,0.258895,,,
1923-12-01,-0.09191486,0.2679900172733334,-0.03,0.2345416666666667,-0.613559,0.16347439166666677,0.08,0.311895,,,
1924-01-01,-0.32809886,0.031806017273333376,-0.22,0.044541666666666695,-0.811294,-0.03426060833333322,-0.264,-0.03210500000000005,,,
1924-02-01,-0.30968896,0.050215917273333355,-0.23,0.034541666666666686,-0.832699,-0.05566560833333323,-0.159,0.07289499999999996,,,
1924-03-01,-0.17746355,0.18244132727333337,-0.08,0.1845416666666667,-0.763425,0.01360839166666672,-0.057,0.17489499999999997,,,
1924-04-01,-0.33799425,0.021910627273333372,-0.3,-0.03545833333333329,-0.818664,-0.04163060833333321,-0.28,-0.048105000000000064,,,
1924-05-01,-0.2117845,0.14812037727333338,-0.18,0.08454166666666671,-0.743133,0.033900391666666696,-0.144,0.08789499999999997,,,
1924-06-01,-0.26971695,0.09018792727333336,-0.26,0.004541666666666687,-0.776335,0.0006983916666667422,-0.148,0.08389499999999997,,,
1924-07-01,-0.2962571,0.06364777727333337,-0.29,-0.025458333333333284,-0.861815,-0.08478160833333326,-0.213,0.018894999999999967,,,
1924-08-01,-0.31361791,0.04628696727333337,-0.36,-0.09545833333333328,-0.868285,-0.09125160833333323,-0.334,-0.10210500000000006,,,
1924-09-01,-0.32549635,0.03440852727333338,-0.32,-0.05545833333333331,-0.868556,-0.09152260833333326,-0.283,-0.05110500000000001,,,
1924-10-01,-0.35907298,0.0008318972733333818,-0.35,-0.08545833333333328,-0.861138,-0.08410460833333322,-0.224,0.007894999999999958,,,
1924-11-01,-0.28282258,0.07708229727333338,-0.2,0.06454166666666669,-0.809036,-0.03200260833333324,-0.175,0.05689499999999997,,,
1924-12-01,-0.4900155,-0.13011062272666662,-0.43,-0.1654583333333333,-0.894504,-0.11747060833333323,-0.367,-0.13510500000000003,,,
1925-01-01,-0.48447105,-0.12456617272666665,-0.38,-0.1154583333333333,-1.035046,-0.25801260833333317,-0.405,-0.17310500000000006,,,
1925-02-01,-0.47421008,-0.11430520272666661,-0.39,-0.1254583333333333,-0.950937,-0.1739036083333333,-0.426,-0.19410500000000003,,,
1925-03-01,-0.3740107,-0.014105822726666606,-0.27,-0.005458333333333322,-0.905741,-0.12870760833333328,-0.265,-0.03310500000000005,,,
1925-04-01,-0.3007729,0.05913197727333336,-0.26,0.004541666666666687,-0.787147,-0.010113608333333302,-0.233,-0.0011050000000000504,,,
1925-05-01,-0.3074031,0.05250177727333338,-0.29,-0.025458333333333284,-0.796267,-0.019233608333333208,-0.167,0.06489499999999995,,,
1925-06-01,-0.34013987,0.019765007273333357,-0.33,-0.06545833333333331,-0.807731,-0.030697608333333237,-0.196,0.035894999999999955,,,
1925-07-01,-0.33730775,0.02259712727333335,-0.27,-0.005458333333333322,-0.771355,0.005678391666666727,-0.218,0.013894999999999963,,,
1925-08-01,-0.16610648,0.19379839727333337,-0.21,0.054541666666666704,-0.778003,-0.0009696083333332606,-0.167,0.06489499999999995,,,
1925-09-01,-0.2542815,0.10562337727333337,-0.2,0.06454166666666669,-0.814198,-0.03716460833333324,-0.19,0.04189499999999996,,,
1925-10-01,-0.28279346,0.07711141727333337,-0.17,0.09454166666666669,-0.732372,0.04466139166666672,-0.056,0.17589499999999997,,,
1925-11-01,-0.05227776,0.30762711727333336,0.05,0.31454166666666666,-0.639491,0.1375423916666667,-0.011,0.22089499999999995,,,
1925-12-01,0.018593444,0.3784983212733334,0.06,0.3245416666666667,-0.561133,0.21590039166666675,0.102,0.33389499999999994,,,
1926-01-01,0.08175703,0.4416619072733334,0.21,0.4745416666666667,-0.462303,0.3147303916666667,0.165,0.396895,,,
1926-02-01,-0.03679195,0.32311292727333335,0.02,0.2845416666666667,-0.648736,0.12829739166666676,-0.024,0.20789499999999997,,,
1926-03-01,0.021171652,0.38107652927333335,0.11,0.37454166666666666,-0.544802,0.23223139166666673,0.045,0.27689499999999995,,,
1926-04-01,-0.16004369,0.19986118727333338,-0.13,0.1345416666666667,-0.64703,0.13000339166666675,-0.094,0.13789499999999996,,,
1926-05-01,-0.266606,0.09329887727333336,-0.24,0.024541666666666705,-0.799003,-0.02196960833333328,-0.168,0.06389499999999995,,,
1926-06-01,-0.18072431,0.17918056727333337,-0.26,0.004541666666666687,-0.710001,0.06703239166666675,-0.118,0.11389499999999997,,,
1926-07-01,-0.20916334,0.15074153727333336,-0.27,-0.005458333333333322,-0.808108,-0.03107460833333331,-0.196,0.035894999999999955,,,
1926-08-01,-0.10150231,0.2584025672733334,-0.13,0.1345416666666667,-0.729454,0.04757939166666669,-0.133,0.09889499999999996,,,
1926-09-01,-0.11794428,0.24196059727333336,-0.14,0.12454166666666669,-0.724228,0.05280539166666676,-0.1,0.13189499999999996,,,
1926-10-01,-0.06908985,0.29081502727333336,-0.11,0.1545416666666667,-0.587889,0.18914439166666674,0.072,0.30389499999999997,,,
1926-11-01,-0.10976566,0.2501392172733334,-0.07,0.1945416666666667,-0.702167,0.07486639166666675,0.004,0.23589499999999997,,,
1926-12-01,-0.31683823,0.04306664727333337,-0.3,-0.03545833333333329,-0.838301,-0.06126760833333322,-0.169,0.06289499999999995,,,
1927-01-01,-0.30985636,0.05004851727333337,-0.27,-0.005458333333333322,-0.86216,-0.0851266083333333,-0.224,0.007894999999999958,,,
1927-02-01,-0.2064402,0.15346467727333338,-0.18,0.08454166666666671,-0.771665,0.005368391666666694,-0.125,0.10689499999999996,,,
1927-03-01,-0.40839356,-0.04848868272666662,-0.39,-0.1254583333333333,-1.035197,-0.2581636083333332,-0.308,-0.07610500000000003,,,
1927-04-01,-0.3155458,0.04435907727333338,-0.31,-0.0454583333333333,-0.917805,-0.14077160833333324,-0.279,-0.047105000000000063,,,
1927-05-01,-0.23147134,0.12843353727333337,-0.26,0.004541666666666687,-0.789169,-0.01213560833333327,-0.131,0.10089499999999996,,,
1927-06-01,-0.24982631,0.11007856727333337,-0.28,-0.015458333333333331,-0.743438,0.033595391666666696,-0.151,0.08089499999999997,,,
1927-07-01,-0.21086046,0.14904441727333337,-0.19,0.0745416666666667,-0.734654,0.04237939166666671,-0.048,0.18389499999999998,,,
1927-08-01,-0.20705144,0.15285343727333336,-0.24,0.024541666666666705,-0.635445,0.1415883916666667,-0.071,0.16089499999999995,,,
1927-09-01,-0.108941056,0.2509638212733334,-0.12,0.1445416666666667,-0.699641,0.07739239166666678,-0.114,0.11789499999999996,,,
1927-10-01,-0.021410033,0.3384948442733334,0.0,0.2645416666666667,-0.591644,0.1853893916666668,0.144,0.375895,,,
1927-11-01,-0.12043209,0.23947278727333338,-0.06,0.2045416666666667,-0.65168,0.1253533916666667,0.022,0.253895,,,
1927-12-01,-0.31979832,0.04010655727333334,-0.33,-0.06545833333333331,-0.913825,-0.13679160833333326,-0.256,-0.024105000000000043,,,
1928-01-01,-0.024776636,0.33512824127333335,-0.02,0.2445416666666667,-0.690563,0.0864703916666667,0.016,0.24789499999999998,,,
1928-02-01,-0.12267449,0.23723038727333337,-0.09,0.1745416666666667,-0.754292,0.022741391666666777,-0.092,0.13989499999999996,,,
1928-03-01,-0.31813625,0.04176862727333336,-0.25,0.014541666666666696,-0.881288,-0.10425460833333322,-0.232,-0.0001050000000000495,,,
1928-04-01,-0.23598641,0.12391846727333336,-0.28,-0.015458333333333331,-0.855607,-0.07857360833333327,-0.174,0.057894999999999974,,,
1928-05-01,-0.30218256,0.05772231727333338,-0.3,-0.03545833333333329,-0.788674,-0.011640608333333247,-0.217,0.014894999999999964,,,
1928-06-01,-0.33235246,0.02755241727333335,-0.39,-0.1254583333333333,-0.765392,0.011641391666666778,-0.2,0.03189499999999995,,,
1928-07-01,-0.19037025,0.16953462727333338,-0.19,0.0745416666666667,-0.757075,0.019958391666666686,-0.137,0.09489499999999995,,,
1928-08-01,-0.17739731,0.18250756727333337,-0.22,0.044541666666666695,-0.812367,-0.03533360833333321,-0.153,0.07889499999999997,,,
1928-09-01,-0.20670149,0.15320338727333338,-0.21,0.054541666666666704,-0.713156,0.06387739166666673,-0.152,0.07989499999999997,,,
1928-10-01,-0.18655096,0.17335391727333338,-0.19,0.0745416666666667,-0.766008,0.011025391666666717,-0.083,0.14889499999999994,,,
1928-11-01,-0.17232367,0.18758120727333336,-0.09,0.1745416666666667,-0.681651,0.09538239166666673,-0.132,0.09989499999999996,,,
1928-12-01,-0.23151593,0.12838894727333336,-0.16,0.1045416666666667,-0.7118,0.06523339166666675,-0.101,0.13089499999999996,,,
1929-01-01,-0.4340553,-0.07415042272666661,-0.45,-0.1854583333333333,-0.968791,-0.19175760833333322,-0.325,-0.09310500000000005,,,
1929-02-01,-0.60112005,-0.24121517272666665,-0.58,-0.3154583333333333,-1.077931,-0.30089760833333323,-0.443,-0.21110500000000004,,,
1929-03-01,-0.4850867,-0.12518182272666661,-0.33,-0.06545833333333331,-0.939389,-0.1623556083333333,-0.381,-0.14910500000000004,,,
1929-04-01,-0.44075286,-0.08084798272666666,-0.41,-0.14545833333333327,-0.99388,-0.21684660833333325,-0.384,-0.15210500000000005,,,
1929-05-01,-0.43484563,-0.07494075272666662,-0.38,-0.1154583333333333,-0.918847,-0.14181360833333323,-0.366,-0.13410500000000003,,,
1929-06-01,-0.40392876,-0.04402388272666663,-0.43,-0.1654583333333333,-0.949044,-0.17201060833333326,-0.208,0.023894999999999972,,,
1929-07-01,-0.4356043,-0.07569942272666663,-0.37,-0.10545833333333329,-0.966171,-0.18913760833333326,-0.328,-0.09610500000000005,,,
1929-08-01,-0.2620627,0.09784217727333339,-0.32,-0.05545833333333331,-0.761941,0.01509239166666676,-0.155,0.07689499999999996,,,
1929-09-01,-0.2734211,0.0864837772733334,-0.25,0.014541666666666696,-0.805943,-0.028909608333333225,-0.266,-0.03410500000000005,,,
1929-10-01,-0.21415122,0.14575365727333336,-0.14,0.12454166666666669,-0.763042,0.013991391666666742,-0.114,0.11789499999999996,,,
1929-11-01,-0.13710696,0.22279791727333337,-0.12,0.1445416666666667,-0.745325,0.031708391666666724,-0.082,0.14989499999999994,,,
1929-12-01,-0.56161815,-0.20171327272666667,-0.54,-0.27545833333333336,-1.049281,-0.27224760833333317,-0.424,-0.19210500000000003,,,
1930-01-01,-0.3582055,0.0016993772733333579,-0.3,-0.03545833333333329,-0.863681,-0.08664760833333329,-0.229,0.002894999999999953,,,
1930-02-01,-0.33801308,0.021891797273333347,-0.27,-0.005458333333333322,-0.856347,-0.07931360833333323,-0.246,-0.014105000000000034,,,
1930-03-01,-0.24422893,0.11567594727333336,-0.11,0.1545416666666667,-0.814935,-0.037901608333333225,-0.112,0.11989499999999996,,,
1930-04-01,-0.22422738,0.13567749727333336,-0.25,0.014541666666666696,-0.760789,0.01624439166666669,-0.177,0.05489499999999997,,,
1930-05-01,-0.24692333,0.11298154727333337,-0.24,0.024541666666666705,-0.744583,0.032450391666666745,-0.092,0.13989499999999996,,,
1930-06-01,-0.19681416,0.16309071727333338,-0.22,0.044541666666666695,-0.722286,0.054747391666666756,-0.022,0.20989499999999997,,,
1930-07-01,-0.17981905,0.18008582727333336,-0.21,0.054541666666666704,-0.62996,0.14707339166666678,-0.036,0.19589499999999996,,,
1930-08-01,-0.09020169,0.26970318727333337,-0.15,0.11454166666666671,-0.729013,0.04802039166666672,-0.003,0.22889499999999996,,,
1930-09-01,-0.092769794,0.26713508327333335,-0.15,0.11454166666666671,-0.731594,0.04543939166666677,-0.074,0.15789499999999995,,,
1930-10-01,-0.081125215,0.2787796622733334,-0.11,0.1545416666666667,-0.689528,0.08750539166666671,0.023,0.254895,,,
1930-11-01,0.06904957,0.4289544472733334,0.17,0.43454166666666666,-0.43263,0.3444033916666667,0.2,0.431895,,,
1930-12-01,-0.05531298,0.30459189727333336,-0.06,0.2045416666666667,-0.606061,0.17097239166666678,0.036,0.26789499999999994,,,
1931-01-01,-0.12728073,0.23262414727333336,-0.1,0.1645416666666667,-0.634502,0.14253139166666673,-0.054,0.17789499999999997,,,
1931-02-01,-0.25378972,0.10611515727333337,-0.21,0.054541666666666704,-0.801222,-0.02418860833333325,-0.193,0.03889499999999996,,,
1931-03-01,-0.11402873,0.24587614727333337,-0.11,0.1545416666666667,-0.754403,0.022630391666666694,-0.118,0.11389499999999997,,,
1931-04-01,-0.18130071,0.17860416727333336,-0.23,0.034541666666666686,-0.779692,-0.002658608333333312,-0.135,0.09689499999999995,,,
1931-05-01,-0.20138004,0.15852483727333336,-0.2,0.06454166666666669,-0.731198,0.045835391666666725,-0.163,0.06889499999999996,,,
1931-06-01,-0.023266362,0.3366385152733334,-0.08,0.1845416666666667,-0.606085,0.17094839166666675,-0.005,0.22689499999999996,,,
1931-07-01,-0.010316032,0.3495888452733334,-0.03,0.2345416666666667,-0.592016,0.18501739166666675,0.062,0.29389499999999996,,,
1931-08-01,-0.03563309,0.3242717872733334,-0.03,0.2345416666666667,-0.583001,0.19403239166666675,0.016,0.24789499999999998,,,
1931-09-01,-0.05012884,0.30977603727333336,-0.06,0.2045416666666667,-0.589594,0.1874393916666668,0.021,0.252895,,,
1931-10-01,-0.022466533,0.33743834427333336,0.06,0.3245416666666667,-0.59401,0.1830233916666667,0.156,0.387895,,,
1931-11-01,-0.14927475,0.21063012727333336,-0.06,0.2045416666666667,-0.624236,0.15279739166666673,0.007,0.23889499999999997,,,
1931-12-01,-0.100958765,0.25894611227333336,-0.06,0.2045416666666667,-0.617069,0.15996439166666676,-0.009,0.22289499999999995,,,
1932-01-01,0.070236534,0.4301414112733334,0.15,0.41454166666666664,-0.493403,0.28363039166666676,0.101,0.33289499999999994,,,
1932-02-01,-0.18819495,0.17170992727333337,-0.17,0.09454166666666669,-0.847755,-0.0707216083333333,-0.235,-0.0031050000000000244,,,
1932-03-01,-0.20114462,0.15876025727333337,-0.18,0.08454166666666671,-0.762568,0.014465391666666716,-0.135,0.09689499999999995,,,
1932-04-01,-0.07686023,0.28304464727333334,-0.06,0.2045416666666667,-0.673089,0.10394439166666669,-0.012,0.21989499999999995,,,
1932-05-01,-0.16717155,0.19273332727333337,-0.18,0.08454166666666671,-0.707385,0.0696483916666667,-0.069,0.16289499999999996,,,
1932-06-01,-0.25636408,0.10354079727333337,-0.29,-0.025458333333333284,-0.703873,0.07316039166666677,-0.119,0.11289499999999997,,,
1932-07-01,-0.13365234,0.22625253727333336,-0.25,0.014541666666666696,-0.7236,0.05343339166666672,-0.045,0.18689499999999998,,,
1932-08-01,-0.18760896,0.17229591727333338,-0.22,0.044541666666666695,-0.847253,-0.0702196083333333,-0.108,0.12389499999999996,,,
1932-09-01,-0.0026432085,0.3572616687733334,-0.1,0.1645416666666667,-0.607645,0.16938839166666675,0.015,0.24689499999999998,,,
1932-10-01,-0.09407605,0.26582882727333335,-0.09,0.1745416666666667,-0.681837,0.09519639166666671,-0.032,0.19989499999999996,,,
1932-11-01,-0.29589286,0.06401201727333339,-0.28,-0.015458333333333331,-0.84781,-0.07077660833333321,-0.215,0.016894999999999966,,,
1932-12-01,-0.26641268,0.09349219727333336,-0.27,-0.005458333333333322,-0.753459,0.02357439166666675,-0.15,0.08189499999999997,,,
1933-01-01,-0.3241178,0.035787077273333356,-0.23,0.034541666666666686,-0.749058,0.027975391666666738,-0.197,0.034894999999999954,,,
1933-02-01,-0.34880838,0.011096497273333394,-0.3,-0.03545833333333329,-0.919859,-0.14282560833333324,-0.232,-0.0001050000000000495,,,
1933-03-01,-0.4006236,-0.040718722726666656,-0.3,-0.03545833333333329,-0.876829,-0.09979560833333323,-0.307,-0.07510500000000003,,,
1933-04-01,-0.30257553,0.057329347273333386,-0.25,0.014541666666666696,-0.809717,-0.03268360833333328,-0.206,0.025894999999999974,,,
1933-05-01,-0.2908854,0.06901947727333335,-0.29,-0.025458333333333284,-0.804913,-0.02787960833333325,-0.182,0.04989499999999997,,,
1933-06-01,-0.3269607,0.032944177273333375,-0.34,-0.07545833333333332,-0.797935,-0.02090160833333321,-0.175,0.05689499999999997,,,
1933-07-01,-0.29399803,0.06590684727333335,-0.21,0.054541666666666704,-0.837088,-0.060054608333333315,-0.184,0.047894999999999965,,,
1933-08-01,-0.15399523,0.20590964727333336,-0.23,0.034541666666666686,-0.788439,-0.011405608333333261,-0.139,0.09289499999999995,,,
1933-09-01,-0.32821533,0.03168954727333334,-0.29,-0.025458333333333284,-0.941791,-0.1647576083333333,-0.241,-0.00910500000000003,,,
1933-10-01,-0.2487255,0.11117937727333338,-0.25,0.014541666666666696,-0.806955,-0.02992160833333324,-0.065,0.16689499999999996,,,
1933-11-01,-0.4060631,-0.04615822272666664,-0.31,-0.0454583333333333,-0.894938,-0.11790460833333327,-0.265,-0.03310500000000005,,,
1933-12-01,-0.5147507,-0.15484582272666664,-0.45,-0.1854583333333333,-0.974294,-0.19726060833333325,-0.407,-0.175105,,,
1934-01-01,-0.3302793,0.02962557727333337,-0.21,0.054541666666666704,-0.850827,-0.07379360833333326,-0.22,0.011894999999999961,,,
1934-02-01,-0.14811876,0.21178611727333338,-0.03,0.2345416666666667,-0.715461,0.061572391666666726,-0.029,0.20289499999999996,,,
1934-03-01,-0.42936015,-0.06945527272666663,-0.29,-0.025458333333333284,-0.911383,-0.13434960833333331,-0.306,-0.07410500000000003,,,
1934-04-01,-0.38489783,-0.02499295272666663,-0.31,-0.0454583333333333,-0.843772,-0.06673860833333323,-0.262,-0.03010500000000005,,,
1934-05-01,-0.14961712,0.21028775727333338,-0.1,0.1645416666666667,-0.647211,0.12982239166666676,-0.078,0.15389499999999995,,,
1934-06-01,-0.09052083,0.26938404727333337,-0.15,0.11454166666666671,-0.687934,0.0890993916666667,-0.016,0.21589499999999995,,,
1934-07-01,-0.17999098,0.17991389727333337,-0.11,0.1545416666666667,-0.68895,0.08808339166666679,-0.052,0.17989499999999997,,,
1934-08-01,-0.11649547,0.24340940727333338,-0.12,0.1445416666666667,-0.70019,0.07684339166666676,-0.106,0.12589499999999998,,,
1934-09-01,-0.13917924,0.22072563727333336,-0.15,0.11454166666666671,-0.670061,0.10697239166666672,-0.065,0.16689499999999996,,,
1934-10-01,-0.08315384,0.2767510372733334,-0.06,0.2045416666666667,-0.629206,0.1478273916666667,0.084,0.315895,,,
1934-11-01,0.03561093,0.39551580727333335,0.03,0.29454166666666665,-0.548191,0.22884239166666676,0.191,0.42289499999999997,,,
1934-12-01,-0.10855337,0.2513515072733334,-0.03,0.2345416666666667,-0.636782,0.14025139166666678,-0.031,0.20089499999999996,,,
1935-01-01,-0.35741302,0.002491857273333342,-0.34,-0.07545833333333332,-0.870708,-0.0936746083333333,-0.275,-0.04310500000000006,,,
1935-02-01,0.040657837,0.40056271427333334,0.14,0.4045416666666667,-0.49434,0.28269339166666674,0.149,0.380895,,,
1935-03-01,-0.23294424,0.12696063727333337,-0.14,0.12454166666666669,-0.810838,-0.03380460833333321,-0.13,0.10189499999999996,,,
1935-04-01,-0.33146426,0.028440617273333357,-0.37,-0.10545833333333329,-0.954787,-0.1777536083333333,-0.214,0.017894999999999966,,,
1935-05-01,-0.32954872,0.03035615727333335,-0.29,-0.025458333333333284,-0.817977,-0.040943608333333215,-0.199,0.03289499999999995,,,
1935-06-01,-0.21777625,0.14212862727333336,-0.27,-0.005458333333333322,-0.812441,-0.03540760833333323,-0.107,0.12489499999999996,,,
1935-07-01,-0.15007329,0.20983158727333337,-0.22,0.044541666666666695,-0.662237,0.11479639166666677,-0.004,0.22789499999999996,,,
1935-08-01,-0.14960822,0.21029665727333338,-0.22,0.044541666666666695,-0.68554,0.0914933916666667,-0.061,0.17089499999999996,,,
1935-09-01,-0.19363704,0.16626783727333336,-0.21,0.054541666666666704,-0.673734,0.10329939166666668,-0.1,0.13189499999999996,,,
1935-10-01,-0.05373449,0.30617038727333334,-0.06,0.2045416666666667,-0.651295,0.12573839166666678,0.015,0.24689499999999998,,,
1935-11-01,-0.32635114,0.033553737273333384,-0.26,0.004541666666666687,-0.768015,0.009018391666666736,-0.216,0.015894999999999965,,,
1935-12-01,-0.25254253,0.10736234727333338,-0.17,0.09454166666666669,-0.691293,0.0857403916666667,-0.125,0.10689499999999996,,,
1936-01-01,-0.39335644,-0.033451562726666606,-0.28,-0.015458333333333331,-0.896857,-0.11982360833333328,-0.266,-0.03410500000000005,,,
1936-02-01,-0.33927172,0.02063315727333337,-0.38,-0.1154583333333333,-0.89387,-0.11683660833333331,-0.28,-0.048105000000000064,,,
1936-03-01,-0.33444518,0.02545969727333336,-0.21,0.054541666666666704,-0.849389,-0.07235560833333321,-0.192,0.03989499999999996,,,
1936-04-01,-0.19625486,0.16365001727333336,-0.2,0.06454166666666669,-0.738765,0.038268391666666735,-0.122,0.10989499999999996,,,
1936-05-01,-0.17848295,0.18142192727333337,-0.16,0.1045416666666667,-0.714151,0.06288239166666676,-0.101,0.13089499999999996,,,
1936-06-01,-0.14979307,0.21011180727333337,-0.22,0.044541666666666695,-0.711977,0.06505639166666677,-0.024,0.20789499999999997,,,
1936-07-01,-0.07909436,0.2808105172733334,-0.1,0.1645416666666667,-0.583969,0.19306439166666678,0.041,0.27289499999999994,,,
1936-08-01,-0.070707254,0.28919762327333337,-0.14,0.12454166666666669,-0.551864,0.22516939166666672,0.037,0.26889499999999994,,,
1936-09-01,-0.108802326,0.25110255127333336,-0.09,0.1745416666666667,-0.680883,0.09615039166666672,-0.009,0.22289499999999995,,,
1936-10-01,-0.039926305,0.3199785722733334,-0.03,0.2345416666666667,-0.576795,0.2002383916666668,0.11,0.34189499999999995,,,
1936-11-01,-0.063195124,0.2967097532733334,0.01,0.2745416666666667,-0.642305,0.13472839166666672,-0.005,0.22689499999999996,,,
1936-12-01,-0.098335825,0.2615690522733334,-0.01,0.25454166666666667,-0.594046,0.18298739166666678,0.072,0.30389499999999997,,,
1937-01-01,-0.12454075,0.23536412727333336,-0.08,0.1845416666666667,-0.662442,0.11459139166666676,-0.037,0.19489499999999996,,,
1937-02-01,0.072073765,0.4319786422733334,0.03,0.29454166666666665,-0.58798,0.1890533916666668,0.104,0.33589499999999994,,,
1937-03-01,-0.26155695,0.09834792727333336,-0.21,0.054541666666666704,-0.838256,-0.06122260833333326,-0.106,0.12589499999999998,,,
1937-04-01,-0.11816132,0.24174355727333335,-0.16,0.1045416666666667,-0.775662,0.001371391666666777,-0.037,0.19489499999999996,,,
1937-05-01,-0.08955565,0.2703492272733334,-0.06,0.2045416666666667,-0.627304,0.14972939166666677,-0.029,0.20289499999999996,,,
1937-06-01,-0.00652999,0.3533748872733334,-0.05,0.2145416666666667,-0.610698,0.16633539166666678,0.07,0.30189499999999997,,,
1937-07-01,0.024520576,0.3844254532733334,-0.04,0.2245416666666667,-0.573592,0.20344139166666675,0.144,0.375895,,,
1937-08-01,0.04098419,0.40088906727333334,0.01,0.2745416666666667,-0.529467,0.24756639166666672,0.131,0.36289499999999997,,,
1937-09-01,0.1475272,0.5074320772733334,0.09,0.3545416666666667,-0.481492,0.29554139166666676,0.221,0.45289499999999994,,,
1937-10-01,0.13115542,0.49106029727333333,0.08,0.3445416666666667,-0.49801,0.27902339166666673,0.268,0.499895,,,
1937-11-01,0.06559572,0.42550059727333334,0.07,0.3345416666666667,-0.511647,0.2653863916666668,0.154,0.385895,,,
1937-12-01,-0.07408369,0.2858211872733334,-0.08,0.1845416666666667,-0.658735,0.11829839166666678,0.061,0.29289499999999996,,,
1938-01-01,0.04496974,0.40487461727333335,0.08,0.3445416666666667,-0.57794,0.19909339166666673,0.12,0.35189499999999996,,,
1938-02-01,-0.014212734,0.34569214327333336,0.03,0.29454166666666665,-0.593503,0.18353039166666674,0.113,0.34489499999999995,,,
1938-03-01,-0.025334358,0.33457051927333337,0.1,0.3645416666666667,-0.565518,0.21151539166666677,0.099,0.33089499999999994,,,
1938-04-01,0.03365099,0.39355586727333336,0.06,0.3245416666666667,-0.545549,0.2314843916666668,0.058,0.28989499999999996,,,
1938-05-01,-0.10347957,0.25642530727333335,-0.1,0.1645416666666667,-0.649407,0.12762639166666678,-0.022,0.20989499999999997,,,
1938-06-01,-0.092039436,0.26786544127333334,-0.17,0.09454166666666669,-0.738576,0.03845739166666673,-0.063,0.16889499999999996,,,
1938-07-01,-0.044450153,0.3154547242733334,-0.09,0.1745416666666667,-0.595434,0.18159939166666672,0.036,0.26789499999999994,,,
1938-08-01,0.0016560663,0.36156094357333335,-0.06,0.2045416666666667,-0.615173,0.16186039166666677,0.035,0.266895,,,
1938-09-01,0.024587316,0.3844921932733334,0.01,0.2745416666666667,-0.5321,0.24493339166666672,0.113,0.34489499999999995,,,
1938-10-01,0.16581134,0.5257162172733334,0.14,0.4045416666666667,-0.49473,0.28230339166666674,0.258,0.48989499999999997,,,
1938-11-01,0.05244539,0.41235026727333335,0.07,0.3345416666666667,-0.520828,0.2562053916666668,0.141,0.372895,,,
1938-12-01,-0.19831587,0.16158900727333336,-0.12,0.1445416666666667,-0.731047,0.04598639166666674,-0.064,0.16789499999999996,,,
1939-01-01,-0.11470534,0.24519953727333338,-0.05,0.2145416666666667,-0.641462,0.13557139166666676,-0.024,0.20789499999999997,,,
1939-02-01,-0.12072663,0.23917824727333337,-0.07,0.1945416666666667,-0.699529,0.07750439166666678,-0.057,0.17489499999999997,,,
1939-03-01,-0.2948422,0.06506267727333337,-0.18,0.08454166666666671,-0.894792,-0.11775860833333329,-0.197,0.034894999999999954,,,
1939-04-01,-0.11647774,0.24342713727333337,-0.1,0.1645416666666667,-0.766117,0.010916391666666692,0.019,0.250895,,,
1939-05-01,-0.039852332,0.3200525452733334,-0.04,0.2245416666666667,-0.618907,0.15812639166666675,0.128,0.35989499999999996,,,
1939-06-01,0.015481897,0.3753867742733334,-0.07,0.1945416666666667,-0.595661,0.18137239166666674,0.126,0.35789499999999996,,,
1939-07-01,-0.036095645,0.32380923227333336,-0.06,0.2045416666666667,-0.492886,0.28414739166666675,0.044,0.27589499999999995,,,
1939-08-01,-0.036164053,0.3237408242733334,-0.06,0.2045416666666667,-0.52104,0.2559933916666668,0.082,0.313895,,,
1939-09-01,-0.01526929,0.3446355872733334,-0.07,0.1945416666666667,-0.532101,0.2449323916666667,0.116,0.34789499999999995,,,
1939-10-01,-0.10086634,0.25903853727333337,-0.04,0.2245416666666667,-0.636829,0.14020439166666676,0.032,0.263895,,,
1939-11-01,0.020696409,0.38060128627333334,0.07,0.3345416666666667,-0.504602,0.27243139166666674,0.107,0.33889499999999995,,,
1939-12-01,0.33719608,0.6971009572733333,0.42,0.6845416666666667,-0.156214,0.6208193916666668,0.444,0.6758949999999999,,,
1940-01-01,-0.04680307,0.31310180727333337,-0.01,0.25454166666666667,-0.522059,0.2549743916666667,0.134,0.36589499999999997,-0.944512030803704,-0.06451203080370405,
1940-02-01,0.080247834,0.4401527112733334,0.08,0.3445416666666667,-0.452076,0.32495739166666676,0.223,0.45489499999999994,-0.8569249816856601,0.02307501831433989,
1940-03-01,-0.043005414,0.31689946327333335,0.09,0.3545416666666667,-0.590024,0.18700939166666675,0.198,0.42989499999999997,-0.8852708128838067,-0.005270812883806708,
1940-04-01,0.14281604,0.5027209172733333,0.17,0.43454166666666666,-0.370424,0.40660939166666676,0.236,0.46789499999999995,-0.6050685458653167,0.27493145413468334,
1940-05-01,0.035399556,0.39530443327333337,0.1,0.3645416666666667,-0.39585,0.38118339166666676,0.184,0.41589499999999996,-0.5157716458732864,0.3642283541267136,
1940-06-01,0.043449067,0.4033539442733334,0.11,0.37454166666666666,-0.534446,0.24258739166666676,0.172,0.40389499999999995,-0.6678458028042478,0.21215419719575224,
1940-07-01,0.14791606,0.5078209372733333,0.12,0.38454166666666667,-0.489128,0.28790539166666673,0.208,0.4398949999999999,-0.45032422351431123,0.4296757764856888,
1940-08-01,0.101698846,0.4616037232733334,0.06,0.3245416666666667,-0.510923,0.2661103916666667,0.14,0.371895,-0.4983954765902503,0.3816045234097497,
1940-09-01,0.1286174,0.48852227727333336,0.15,0.41454166666666664,-0.428272,0.34876139166666675,0.174,0.40589499999999995,-0.6349882999642098,0.2450117000357902,
1940-10-01,0.09768017,0.4575850472733334,0.11,0.37454166666666666,-0.415104,0.36192939166666677,0.181,0.41289499999999996,-0.8134765686039138,0.06652343139608619,
1940-11-01,-0.0021208753,0.3577840019733334,0.16,0.42454166666666665,-0.427822,0.34921139166666676,0.085,0.316895,-0.7597428027815685,0.12025719721843153,
1940-12-01,0.20000899,0.5599138672733334,0.31,0.5745416666666667,-0.29781,0.4792233916666667,0.258,0.48989499999999997,-0.5993111897614902,0.2806888102385098,
1941-01-01,-0.043574393,0.3163304842733334,0.17,0.43454166666666666,-0.477175,0.2998583916666667,-0.095,0.13689499999999996,-0.6808054534462222,0.19919454655377777,
1941-02-01,0.11192768,0.4718325572733334,0.3,0.5645416666666667,-0.366011,0.41102239166666676,0.086,0.3178949999999999,-0.5434459873791813,0.33655401262081874,
1941-03-01,-0.123052314,0.23685256327333337,0.1,0.3645416666666667,-0.559691,0.2173423916666667,-0.017,0.21489499999999995,-0.713452071225749,0.16654792877425095,
1941-04-01,0.033017304,0.39292218127333334,0.16,0.42454166666666665,-0.383859,0.39317439166666673,0.028,0.259895,-0.8072730345434085,0.07272696545659152,
1941-05-01,0.058046844,0.41795172127333335,0.16,0.42454166666666665,-0.408088,0.36894539166666673,0.068,0.29989499999999997,-0.6066774400445354,0.2733225599554646,
1941-06-01,0.054870714,0.41477559127333335,0.12,0.38454166666666667,-0.389984,0.38704939166666674,0.136,0.36789499999999997,-0.49336138453297096,0.38663861546702905,
1941-07-01,0.1563377,0.5162425772733333,0.22,0.4845416666666667,-0.350794,0.42623939166666674,0.236,0.46789499999999995,-0.5438682659562879,0.3361317340437121,
1941-08-01,0.036030337,0.3959352142733334,0.14,0.4045416666666667,-0.387221,0.38981239166666676,0.072,0.30389499999999997,-0.47546742105283,0.40453257894717,
1941-09-01,-0.14676172,0.21314315727333336,0.02,0.2845416666666667,-0.507155,0.2698783916666667,-0.106,0.12589499999999998,-0.8540340047606954,0.02596599523930465,
1941-10-01,0.21039876,0.5703036372733333,0.35,0.6145416666666668,-0.272141,0.5048923916666668,0.221,0.45289499999999994,-0.5077652368376668,0.37223476316233317,
1941-11-01,-0.012618683,0.34728619427333335,0.22,0.4845416666666667,-0.414361,0.36267239166666676,0.06,0.29189499999999996,-0.7852491497515874,0.09475085024841257,
1941-12-01,0.07761256,0.43751743727333336,0.21,0.4745416666666667,-0.260922,0.5161113916666668,0.107,0.33889499999999995,-0.6907419414356717,0.1892580585643283,
1942-01-01,0.24973598,0.6096408572733334,0.29,0.5545416666666667,-0.309061,0.46797239166666676,0.238,0.46989499999999995,-0.5611309263972508,0.3188690736027492,
1942-02-01,0.015508232,0.3754131092733334,0.02,0.2845416666666667,-0.680565,0.09646839166666676,-0.036,0.19589499999999996,-0.797074147731502,0.08292585226849802,
1942-03-01,-0.04526941,0.31463546727333336,0.05,0.31454166666666666,-0.584798,0.1922353916666667,-0.007,0.22489499999999996,-0.7089864153980621,0.17101358460193794,
1942-04-01,-0.009011197,0.35089368027333334,0.09,0.3545416666666667,-0.562356,0.21467739166666677,-0.055,0.17689499999999997,-0.80339891633235,0.07660108366764995,
1942-05-01,0.12236629,0.48227116727333336,0.11,0.37454166666666666,-0.473802,0.30323139166666674,0.045,0.27689499999999995,-0.6082203165381372,0.27177968346186276,
1942-06-01,0.02726805,0.38717292727333336,0.04,0.30454166666666665,-0.487718,0.28931539166666675,0.038,0.26989499999999994,-0.6794271521511455,0.20057284784885454,
1942-07-01,-0.062464308,0.29744056927333334,0.0,0.2645416666666667,-0.578918,0.1981153916666667,-0.058,0.17389499999999997,-0.7245041289971788,0.15549587100282125,
1942-08-01,-0.061117124,0.29878775327333335,-0.04,0.2245416666666667,-0.550204,0.2268293916666667,-0.093,0.13889499999999996,-0.7488105433632803,0.13118945663671966,
1942-09-01,-0.014324819,0.3455800582733334,-0.03,0.2345416666666667,-0.520042,0.25699139166666674,-0.029,0.20289499999999996,-0.7406982437536165,0.13930175624638352,
1942-10-01,-0.09257965,0.26732522727333335,0.01,0.2745416666666667,-0.575448,0.20158539166666678,-0.001,0.23089499999999996,-0.7223960080978706,0.15760399190212937,
1942-11-01,-0.055774804,0.30413007327333336,0.09,0.3545416666666667,-0.542831,0.2342023916666668,-0.026,0.20589499999999997,-0.8752362725965899,0.004763727403410134,
1942-12-01,-0.08047181,0.2794330672733334,0.12,0.38454166666666667,-0.519318,0.2577153916666668,0.02,0.251895,-0.8201895281711948,0.05981047182880517,
1943-01-01,-0.19098167,0.16892320727333338,-0.01,0.25454166666666667,-0.672138,0.10489539166666673,-0.07,0.16189499999999996,-0.8180684924296848,0.06193150757031518,
1943-02-01,-0.02702341,0.33288146727333334,0.17,0.43454166666666666,-0.573546,0.20348739166666674,0.06,0.29189499999999996,-0.6841822760391612,0.19581772396083885,
1943-03-01,-0.16375095,0.19615392727333336,-0.04,0.2245416666666667,-0.674448,0.10258539166666669,-0.134,0.09789499999999995,-0.885704015278538,-0.005704015278538033,
1943-04-01,0.022385767,0.38229064427333337,0.11,0.37454166666666666,-0.472814,0.3042193916666667,0.023,0.254895,-0.7719385014508422,0.10806149854915781,
1943-05-01,0.03288265,0.3927875272733334,0.06,0.3245416666666667,-0.538988,0.23804539166666672,0.013,0.24489499999999997,-0.630253887158716,0.249746112841284,
1943-06-01,-0.07796264,0.28194223727333334,-0.05,0.2145416666666667,-0.670752,0.10628139166666672,-0.01,0.22189499999999995,-0.762700855926294,0.11729914407370601,
1943-07-01,0.020770969,0.3806758462733334,0.08,0.3445416666666667,-0.484176,0.29285739166666674,0.001,0.23289499999999996,-0.7421954416399181,0.13780455836008187,
1943-08-01,0.030902661,0.39080753827333337,0.0,0.2645416666666667,-0.501257,0.2757763916666668,0.045,0.27689499999999995,-0.7759572617588368,0.10404273824116317,
1943-09-01,-0.014618457,0.3452864202733334,0.05,0.31454166666666666,-0.577198,0.19983539166666675,0.011,0.24289499999999997,-0.710615762990404,0.16938423700959604,
1943-10-01,0.23026688,0.5901717572733334,0.23,0.4945416666666667,-0.332656,0.44437739166666673,0.287,0.5188949999999999,-0.6499119968155007,0.2300880031844993,
1943-11-01,0.10361148,0.4635163572733334,0.19,0.4545416666666667,-0.424275,0.3527583916666667,0.128,0.35989499999999996,-0.6768329708629839,0.20316702913701612,
1943-12-01,0.10983145,0.46973632727333337,0.23,0.4945416666666667,-0.366624,0.41040939166666673,0.139,0.370895,-0.6103202415995632,0.2696797584004368,
1944-01-01,0.32446104,0.6843659172733334,0.36,0.6245416666666668,-0.307248,0.4697853916666667,0.26,0.49189499999999997,-0.38893459033294775,0.49106540966705226,
1944-02-01,0.12444995,0.48435482727333334,0.24,0.5045416666666667,-0.366348,0.41068539166666673,0.164,0.395895,-0.4992651756857587,0.3807348243142413,
1944-03-01,0.11578709,0.47569196727333335,0.26,0.5245416666666667,-0.401306,0.37572739166666674,0.177,0.40889499999999995,-0.45858692802558565,0.42141307197441435,
1944-04-01,0.043971848,0.40387672527333335,0.19,0.4545416666666667,-0.472384,0.3046493916666667,0.069,0.30089499999999997,-0.6300149124232295,0.24998508757677051,
1944-05-01,0.118437715,0.47834259227333337,0.18,0.44454166666666667,-0.400872,0.37616139166666673,0.14,0.371895,-0.5982362527215344,0.28176374727846565,
1944-06-01,0.10558869,0.46549356727333335,0.15,0.41454166666666664,-0.407022,0.37001139166666674,0.04,0.27189499999999994,-0.5164117136845157,0.36358828631548434,
1944-07-01,0.14798354,0.5078884172733333,0.17,0.43454166666666666,-0.455571,0.32146239166666674,0.125,0.35689499999999996,-0.5330090793394753,0.3469909206605247,
1944-08-01,0.20684843,0.5667533072733334,0.18,0.44454166666666667,-0.453373,0.3236603916666667,0.189,0.42089499999999996,-0.4688065229690359,0.4111934770309641,
1944-09-01,0.1646595,0.5245643772733334,0.28,0.5445416666666667,-0.335426,0.44160739166666674,0.238,0.46989499999999995,-0.41223034531150304,0.46776965468849696,
1944-10-01,0.2101328,0.5700376772733333,0.27,0.5345416666666667,-0.363402,0.41363139166666674,0.26,0.49189499999999997,-0.45972991087468174,0.42027008912531827,
1944-11-01,0.090104856,0.4500097332733334,0.11,0.37454166666666666,-0.475197,0.30183639166666676,0.053,0.28489499999999995,-0.6913533282329016,0.18864667176709837,
1944-12-01,0.083113395,0.44301827227333335,0.04,0.30454166666666665,-0.367244,0.4097893916666667,0.134,0.36589499999999997,-0.7618600805431264,0.11813991945687363,
1945-01-01,0.093040675,0.4529455522733334,0.1,0.3645416666666667,-0.441775,0.33525839166666677,0.087,0.31889499999999993,-0.7447358950747649,0.1352641049252351,
1945-02-01,0.045245588,0.40515046527333337,0.01,0.2745416666666667,-0.527889,0.2491443916666667,0.002,0.23389499999999996,-0.9197361538107831,-0.039736153810783104,
1945-03-01,0.03489175,0.39479662727333337,0.06,0.3245416666666667,-0.527269,0.24976439166666675,-0.025,0.20689499999999997,-0.8089273692169918,0.07107263078300818,
1945-04-01,0.20919947,0.5691043472733334,0.19,0.4545416666666667,-0.320496,0.45653739166666674,0.121,0.35289499999999996,-0.6639374825551787,0.2160625174448213,
1945-05-01,-0.06126155,0.29864332727333337,0.06,0.3245416666666667,-0.487044,0.28998939166666676,-0.006,0.22589499999999996,-0.7329600487128971,0.1470399512871029,
1945-06-01,-0.040081773,0.3198231042733334,0.01,0.2745416666666667,-0.459936,0.31709739166666673,0.027,0.258895,-0.5328113884749364,0.34718861152506364,
1945-07-01,0.0026349896,0.3625398668733334,0.04,0.30454166666666665,-0.56579,0.21124339166666672,0.003,0.23489499999999996,-0.6489244034174781,0.23107559658252186,
1945-08-01,0.23794259,0.5978474672733334,0.26,0.5245416666666667,-0.275196,0.5018373916666667,0.209,0.4408949999999999,-0.3345524813349847,0.5454475186650153,
1945-09-01,0.10414755,0.4640524272733334,0.2,0.4645416666666667,-0.466763,0.31027039166666676,0.07,0.30189499999999997,-0.5259051805846191,0.3540948194153809,
1945-10-01,0.09338272,0.45328759727333334,0.18,0.44454166666666667,-0.450543,0.3264903916666667,0.238,0.46989499999999995,-0.5589520908512888,0.3210479091487112,
1945-11-01,-0.0029492748,0.35695560247333336,0.07,0.3345416666666667,-0.522035,0.2549983916666667,0.05,0.28189499999999995,-0.7574984613578639,0.12250153864213609,
1945-12-01,-0.20132583,0.15857904727333336,-0.07,0.1945416666666667,-0.647575,0.12945839166666673,-0.115,0.11689499999999996,-0.8672549937831739,0.01274500621682606,
1946-01-01,0.0405929,0.40049777727333336,0.15,0.41454166666666664,-0.364087,0.41294639166666675,0.041,0.27289499999999994,-0.6203564291858434,0.25964357081415657,
1946-02-01,-0.12366901,0.23623586727333337,0.02,0.2845416666666667,-0.624768,0.15226539166666675,-0.144,0.08789499999999997,-0.7269474129082543,0.15305258709174574,
1946-03-01,-0.13080442,0.22910045727333336,0.01,0.2745416666666667,-0.699651,0.07738239166666672,-0.043,0.18889499999999998,-0.652765496834963,0.22723450316503702,
1946-04-01,-0.005365729,0.3545391482733334,0.05,0.31454166666666666,-0.567195,0.20983839166666673,0.04,0.27189499999999994,-0.6242584558794366,0.2557415441205634,
1946-05-01,-0.08367489,0.27622998727333337,-0.07,0.1945416666666667,-0.595972,0.1810613916666668,0.006,0.23789499999999997,-0.5544861572475099,0.32551384275249007,
1946-06-01,-0.26983657,0.09006830727333337,-0.22,0.044541666666666695,-0.707961,0.06907239166666679,-0.201,0.03089499999999995,-0.6378975427555638,0.24210245724443624,
1946-07-01,-0.11259827,0.24730660727333337,-0.12,0.1445416666666667,-0.593115,0.1839183916666668,-0.054,0.17789499999999997,-0.5788172584804521,0.30118274151954794,
1946-08-01,-0.15736927,0.20253560727333336,-0.2,0.06454166666666669,-0.705435,0.0715983916666667,-0.102,0.12989499999999998,-0.6695228746462512,0.21047712535374885,
1946-09-01,-0.097848,0.2620568772733334,-0.08,0.1845416666666667,-0.527908,0.2491253916666667,-0.055,0.17689499999999997,-0.6539537982734949,0.22604620172650514,
1946-10-01,-0.071094766,0.28881011127333334,-0.08,0.1845416666666667,-0.623702,0.15333139166666676,0.013,0.24489499999999997,-0.7775350035920034,0.10246499640799656,
1946-11-01,-0.11436654,0.24553833727333335,-0.06,0.2045416666666667,-0.595069,0.18196439166666678,-0.042,0.18989499999999995,-0.7245547478500729,0.1554452521499271,
1946-12-01,-0.34679186,0.01311301727333336,-0.31,-0.0454583333333333,-0.757066,0.019967391666666723,-0.215,0.016894999999999966,-0.8399608770878579,0.04003912291214207,
1947-01-01,-0.15669821,0.20320666727333336,-0.07,0.1945416666666667,-0.583712,0.19332139166666673,-0.027,0.20489499999999997,-0.6324146338813499,0.24758536611865012,
1947-02-01,-0.14593273,0.21397214727333336,-0.08,0.1845416666666667,-0.642552,0.13448139166666673,-0.034,0.19789499999999996,-0.7268121375617458,0.15318786243825422,
1947-03-01,-0.07969951,0.28020536727333334,0.06,0.3245416666666667,-0.630505,0.14652839166666676,0.103,0.33489499999999994,-0.5786257165724074,0.30137428342759265,
1947-04-01,-0.06208204,0.29782283727333336,0.06,0.3245416666666667,-0.544089,0.2329443916666667,0.031,0.262895,-0.5138338928059571,0.36616610719404286,
1947-05-01,-0.07677964,0.2831252372733334,-0.02,0.2445416666666667,-0.587577,0.18945639166666672,-0.027,0.20489499999999997,-0.5689446034898822,0.3110553965101178,
1947-06-01,-0.093579635,0.2663252422733334,-0.02,0.2445416666666667,-0.599444,0.17758939166666676,0.077,0.308895,-0.5186168898470491,0.3613831101529509,
1947-07-01,-0.071048304,0.28885657327333336,-0.04,0.2245416666666667,-0.539046,0.23798739166666671,0.008,0.23989499999999997,-0.542546401976491,0.33745359802350905,
1947-08-01,-0.118973285,0.24093159227333338,-0.07,0.1945416666666667,-0.669976,0.10705739166666672,-0.09,0.14189499999999997,-0.6644095742835283,0.2155904257164717,
1947-09-01,-0.16704448,0.19286039727333337,-0.12,0.1445416666666667,-0.685273,0.09176039166666672,-0.089,0.14289499999999997,-0.6917412579334048,0.1882587420665952,
1947-10-01,0.031783853,0.3916887302733334,0.07,0.3345416666666667,-0.576269,0.2007643916666667,0.092,0.32389499999999993,-0.58051473353704,0.29948526646296003,
1947-11-01,0.024341784,0.38424666127333335,0.02,0.2845416666666667,-0.579268,0.19776539166666673,0.025,0.256895,-0.6916852608847197,0.1883147391152803,
1947-12-01,-0.23622113,0.12368374727333337,-0.13,0.1345416666666667,-0.685397,0.0916363916666667,-0.113,0.11889499999999996,-0.8156574212032659,0.0643425787967341,
1948-01-01,-0.022709899,0.3371949782733334,0.06,0.3245416666666667,-0.581278,0.19575539166666678,0.011,0.24289499999999997,-0.6504218628115801,0.2295781371884199,
1948-02-01,-0.2402255,0.11967937727333336,-0.15,0.11454166666666671,-0.718339,0.05869439166666679,-0.15,0.08189499999999997,-0.8392442639708921,0.04075573602910787,
1948-03-01,-0.290874,0.06903087727333335,-0.24,0.024541666666666705,-0.797225,-0.020191608333333222,-0.203,0.02889499999999995,-0.8924175228994109,-0.012417522899410893,
1948-04-01,-0.11970083,0.2402040472733334,-0.12,0.1445416666666667,-0.669203,0.10783039166666675,-0.143,0.08889499999999997,-0.7419005808121089,0.13809941918789115,
1948-05-01,0.05162446,0.41152933727333335,-0.01,0.25454166666666667,-0.446593,0.3304403916666667,0.155,0.386895,-0.5457348875235937,0.33426511247640633,
1948-06-01,-0.014276116,0.34562876127333336,-0.05,0.2145416666666667,-0.648079,0.12895439166666678,0.034,0.265895,-0.6014406580142513,0.2785593419857487,
1948-07-01,-0.13495894,0.22494593727333337,-0.11,0.1545416666666667,-0.566654,0.21037939166666675,-0.05,0.18189499999999997,-0.5946387069764647,0.2853612930235353,
1948-08-01,-0.049284745,0.31062013227333335,-0.11,0.1545416666666667,-0.568391,0.20864239166666676,-0.001,0.23089499999999996,-0.5705135790545945,0.30948642094540546,
1948-09-01,-0.13981593,0.22008894727333336,-0.14,0.12454166666666669,-0.675964,0.10106939166666673,-0.105,0.12689499999999998,-0.7159485125682075,0.16405148743179254,
1948-10-01,-0.06086924,0.2990356372733334,-0.05,0.2145416666666667,-0.587259,0.18977439166666676,0.017,0.24889499999999998,-0.5837022908503506,0.29629770914964937,
1948-11-01,-0.17867373,0.18123114727333337,-0.13,0.1345416666666667,-0.642146,0.13488739166666674,-0.148,0.08389499999999997,-0.6204927998996599,0.2595072001003401,
1948-12-01,-0.35026267,0.00964220727333337,-0.24,0.024541666666666705,-0.83791,-0.060876608333333304,-0.254,-0.02210500000000004,-0.896907544678097,-0.016907544678096964,
1949-01-01,-0.028536009,0.33136886827333334,0.06,0.3245416666666667,-0.511822,0.26521139166666674,0.057,0.28889499999999996,-0.5418456283213651,0.33815437167863494,
1949-02-01,-0.24785815,0.11204672727333337,-0.14,0.12454166666666669,-0.735219,0.041814391666666784,-0.217,0.014894999999999964,-0.7484828255962217,0.1315171744037783,
1949-03-01,-0.12045357,0.23945130727333336,-0.02,0.2445416666666667,-0.655434,0.12159939166666678,-0.11,0.12189499999999996,-0.6989884255709917,0.18101157442900828,
1949-04-01,-0.15664081,0.20326406727333338,-0.11,0.1545416666666667,-0.668073,0.10896039166666671,-0.114,0.11789499999999996,-0.7324047298919769,0.1475952701080231,
1949-05-01,-0.11873754,0.24116733727333337,-0.1,0.1645416666666667,-0.571825,0.2052083916666667,-0.053,0.17889499999999997,-0.6095292545763016,0.2704707454236984,
1949-06-01,-0.24279937,0.11710550727333338,-0.27,-0.005458333333333322,-0.710661,0.06637239166666675,-0.123,0.10889499999999996,-0.6836931866910554,0.19630681330894462,
1949-07-01,-0.1905579,0.16934697727333337,-0.13,0.1345416666666667,-0.637991,0.13904239166666676,-0.113,0.11889499999999996,-0.5580419940004582,0.32195800599954183,
1949-08-01,-0.08612758,0.2737772972733334,-0.13,0.1345416666666667,-0.618833,0.15820039166666677,-0.076,0.15589499999999995,-0.6665139072823116,0.21348609271768837,
1949-09-01,-0.13694791,0.22295696727333336,-0.14,0.12454166666666669,-0.728804,0.04822939166666673,-0.149,0.08289499999999997,-0.633034181164124,0.24696581883587598,
1949-10-01,-0.10052041,0.25938446727333336,-0.07,0.1945416666666667,-0.649373,0.12766039166666676,-0.042,0.18989499999999995,-0.6677266737722896,0.21227332622771045,
1949-11-01,-0.19435553,0.16554934727333337,-0.1,0.1645416666666667,-0.683183,0.09385039166666675,-0.135,0.09689499999999995,-0.654948181288967,0.22505181871103297,
1949-12-01,-0.22292389,0.13698098727333335,-0.18,0.08454166666666671,-0.635478,0.14155539166666675,-0.068,0.16389499999999996,-0.6712082758071709,0.2087917241928291,
1950-01-01,-0.31205648,0.04784839727333334,-0.26,0.004541666666666687,-0.777719,-0.0006856083333333096,-0.321,-0.08910500000000005,-0.9101760023611369,-0.030176002361136933,
1950-02-01,-0.38173488,-0.02183000272666663,-0.27,-0.005458333333333322,-0.870766,-0.0937326083333333,-0.374,-0.14210500000000004,-0.9359303629850562,-0.05593036298505616,
1950-03-01,-0.23012649,0.12977838727333338,-0.08,0.1845416666666667,-0.688235,0.0887983916666667,-0.178,0.05389499999999997,-0.7743929959478528,0.10560700405214718,
1950-04-01,-0.25358754,0.10631733727333337,-0.21,0.054541666666666704,-0.796167,-0.01913360833333322,-0.198,0.03389499999999995,-0.8373412585117936,0.042658741488206364,
1950-05-01,-0.15597142,0.20393345727333337,-0.11,0.1545416666666667,-0.591606,0.18542739166666677,-0.046,0.18589499999999998,-0.7021715921176508,0.17782840788234922,
1950-06-01,-0.1162904,0.24361447727333335,-0.05,0.2145416666666667,-0.647879,0.12915439166666676,-0.045,0.18689499999999998,-0.6403969101615807,0.23960308983841927,
1950-07-01,-0.12139744,0.23850743727333337,-0.09,0.1745416666666667,-0.623649,0.15338439166666673,-0.037,0.19489499999999996,-0.7129909911207015,0.16700900887929848,
1950-08-01,-0.16753763,0.19236724727333337,-0.16,0.1045416666666667,-0.697407,0.07962639166666674,-0.097,0.13489499999999996,-0.8167500379182151,0.0632499620817849,
1950-09-01,-0.2575728,0.10233207727333338,-0.11,0.1545416666666667,-0.674458,0.10257539166666674,-0.173,0.058894999999999975,-0.6649732575840979,0.21502674241590214,
1950-10-01,-0.21433103,0.14557384727333336,-0.2,0.06454166666666669,-0.771701,0.005332391666666769,-0.085,0.14689499999999994,-0.6475769213181586,0.23242307868184142,
1950-11-01,-0.39536238,-0.035457502726666645,-0.34,-0.07545833333333332,-0.892859,-0.11582560833333322,-0.301,-0.06910500000000003,-0.9015539479583712,-0.021553947958371178,
1950-12-01,-0.26990637,0.08999850727333336,-0.22,0.044541666666666695,-0.779916,-0.002882608333333314,-0.19,0.04189499999999996,-0.6620490793841007,0.21795092061589927,
1951-01-01,-0.3730249,-0.013120022726666625,-0.34,-0.07545833333333332,-0.920202,-0.14316860833333322,-0.352,-0.12010500000000002,-0.9176377599986232,-0.03763775999862318,
1951-02-01,-0.5210606,-0.16115572272666662,-0.42,-0.15545833333333328,-1.015371,-0.23833760833333328,-0.444,-0.21210500000000004,-1.0465343117766057,-0.16653431177660571,
1951-03-01,-0.27582434,0.08408053727333337,-0.2,0.06454166666666669,-0.788624,-0.011590608333333252,-0.196,0.035894999999999955,-0.8449230237451566,0.035076976254843406,
1951-04-01,-0.12049987,0.23940500727333336,-0.14,0.12454166666666669,-0.736844,0.040189391666666685,-0.094,0.13789499999999996,-0.7187139184215372,0.1612860815784628,
1951-05-01,0.01955781,0.3794626872733334,0.0,0.2645416666666667,-0.543643,0.23339039166666675,0.082,0.313895,-0.4113107989763023,0.4686892010236977,
1951-06-01,0.04966371,0.40956858727333334,-0.06,0.2045416666666667,-0.540125,0.23690839166666677,0.137,0.368895,-0.5004368391893017,0.3795631608106983,
1951-07-01,0.026798174,0.3867030512733334,-0.01,0.25454166666666667,-0.551953,0.2250803916666667,0.032,0.263895,-0.6677216149611205,0.21227838503887952,
1951-08-01,0.11070832,0.4706131972733334,0.06,0.3245416666666667,-0.451417,0.3256163916666667,0.142,0.373895,-0.4879901079210107,0.3920098920789893,
1951-09-01,0.12119114,0.4810960172733334,0.05,0.31454166666666666,-0.456964,0.32006939166666676,0.117,0.34889499999999996,-0.49299172027774674,0.38700827972225327,
1951-10-01,0.1160645,0.4759693772733334,0.08,0.3445416666666667,-0.440323,0.3367103916666667,0.231,0.46289499999999995,-0.481835271843817,0.398164728156183,
1951-11-01,-0.0822425,0.27766237727333337,-0.01,0.25454166666666667,-0.611279,0.16575439166666672,0.007,0.23889499999999997,-0.5794611551952134,0.30053884480478665,
1951-12-01,0.066099,0.4260038772733334,0.16,0.42454166666666665,-0.400638,0.37639539166666675,0.186,0.41789499999999996,-0.4635950339008694,0.4164049660991306,
1952-01-01,0.088901006,0.4488058832733334,0.11,0.37454166666666666,-0.470982,0.30605139166666673,0.172,0.40389499999999995,-0.5090198568053061,0.37098014319469386,
1952-02-01,0.062034227,0.42193910427333337,0.11,0.37454166666666666,-0.506061,0.27097239166666676,0.107,0.33889499999999995,-0.5919125439494284,0.2880874560505716,
1952-03-01,-0.16755393,0.19235094727333338,-0.08,0.1845416666666667,-0.695037,0.08199639166666672,-0.059,0.17289499999999997,-0.7428180829600883,0.13718191703991167,
1952-04-01,0.038563304,0.3984681812733334,0.03,0.29454166666666665,-0.529838,0.2471953916666667,0.104,0.33589499999999994,-0.7051274015047344,0.1748725984952656,
1952-05-01,0.016832318,0.3767371952733334,-0.03,0.2345416666666667,-0.565006,0.21202739166666673,0.12,0.35189499999999996,-0.5648669833214797,0.31513301667852034,
1952-06-01,0.015272959,0.37517783627333334,-0.03,0.2345416666666667,-0.578664,0.19836939166666678,0.098,0.32989499999999994,-0.5445266193624825,0.3354733806375175,
1952-07-01,0.084065214,0.44397009127333337,0.04,0.30454166666666665,-0.532136,0.2448973916666667,0.115,0.34689499999999995,-0.5405615665593437,0.3394384334406563,
1952-08-01,0.09411653,0.4540214072733334,0.05,0.31454166666666666,-0.537297,0.23973639166666671,0.133,0.36489499999999997,-0.6866949863048184,0.1933050136951816,
1952-09-01,0.09025618,0.4501610572733334,0.07,0.3345416666666667,-0.526759,0.25027439166666676,0.144,0.375895,-0.6121514371451333,0.2678485628548667,
1952-10-01,-0.021701682,0.33820319527333337,0.0,0.2645416666666667,-0.572013,0.20502039166666675,0.101,0.33289499999999994,-0.6914157688941707,0.18858423110582934,
1952-11-01,-0.12981972,0.23008515727333337,-0.13,0.1345416666666667,-0.664728,0.11230539166666675,-0.075,0.15689499999999995,-0.9122879345771597,-0.03228793457715973,
1952-12-01,-0.041257963,0.31864691427333336,-0.02,0.2445416666666667,-0.563612,0.21342139166666674,0.047,0.27889499999999995,-0.7018211829654,0.17817881703460003,
1953-01-01,-0.009481655,0.3504232222733334,0.07,0.3345416666666667,-0.501476,0.2755573916666667,0.064,0.29589499999999996,-0.6511782966026622,0.22882170339733776,
1953-02-01,0.092715986,0.4526208632733334,0.15,0.41454166666666664,-0.443729,0.33330439166666675,0.198,0.42989499999999997,-0.6081151828425906,0.2718848171574094,
1953-03-01,0.010100863,0.3700057402733334,0.11,0.37454166666666666,-0.507244,0.2697893916666667,0.093,0.32489499999999993,-0.6526090087802636,0.22739099121973638,
1953-04-01,0.22457166,0.5844765372733334,0.19,0.4545416666666667,-0.395007,0.38202639166666674,0.296,0.527895,-0.5019203527221467,0.37807964727785326,
1953-05-01,0.1485824,0.5084872772733333,0.11,0.37454166666666666,-0.418608,0.35842539166666676,0.282,0.513895,-0.3900019690204033,0.4899980309795967,
1953-06-01,0.14060082,0.5005056972733334,0.12,0.38454166666666667,-0.457349,0.31968439166666673,0.241,0.47289499999999995,-0.524151162070023,0.355848837929977,
1953-07-01,0.042875353,0.4027802302733334,0.01,0.2745416666666667,-0.561608,0.21542539166666674,0.107,0.33889499999999995,-0.5023735454628273,0.3776264545371727,
1953-08-01,0.08775201,0.44765688727333336,0.05,0.31454166666666666,-0.569294,0.20773939166666677,0.108,0.33989499999999995,-0.5293192871082546,0.3506807128917454,
1953-09-01,0.087082855,0.4469877322733334,0.04,0.30454166666666665,-0.58548,0.19155339166666674,0.073,0.30489499999999997,-0.6320964841129815,0.24790351588701853,
1953-10-01,0.08415312,0.4440579972733334,0.08,0.3445416666666667,-0.519061,0.25797239166666674,0.149,0.380895,-0.5973587388954904,0.2826412611045096,
1953-11-01,-0.0065065175,0.3533983597733334,-0.03,0.2345416666666667,-0.598549,0.17848439166666674,0.008,0.23989499999999997,-0.6938577951820779,0.1861422048179221,
1953-12-01,0.021230971,0.38113584827333336,0.05,0.31454166666666666,-0.502391,0.2746423916666667,0.155,0.386895,-0.5960333838669634,0.28396661613303664,
1954-01-01,-0.24383795,0.11606692727333337,-0.24,0.024541666666666705,-0.744809,0.032224391666666685,-0.178,0.05389499999999997,-0.8751060198916285,0.0048939801083714984,
1954-02-01,-0.090500064,0.2694048132733334,-0.1,0.1645416666666667,-0.644647,0.13238639166666677,-0.039,0.19289499999999996,-0.7948668960057095,0.08513310399429053,
1954-03-01,-0.18270025,0.17720462727333336,-0.15,0.11454166666666671,-0.749657,0.027376391666666722,-0.079,0.15289499999999995,-0.7481057331639427,0.13189426683605732,
1954-04-01,-0.11627275,0.2436321272733334,-0.14,0.12454166666666669,-0.774143,0.002890391666666714,-0.121,0.11089499999999997,-0.7728281285934546,0.10717187140654538,
1954-05-01,-0.1709937,0.18891117727333337,-0.2,0.06454166666666669,-0.73689,0.040143391666666695,-0.105,0.12689499999999998,-0.6440358485713489,0.23596415142865113,
1954-06-01,-0.13182655,0.22807832727333338,-0.18,0.08454166666666671,-0.66709,0.10994339166666678,0.007,0.23889499999999997,-0.7300543986599273,0.14994560134007273,
1954-07-01,-0.19750206,0.16240281727333336,-0.19,0.0745416666666667,-0.684558,0.09247539166666674,-0.062,0.16989499999999996,-0.7318081533306291,0.1481918466693709,
1954-08-01,-0.10172095,0.2581839272733334,-0.17,0.09454166666666669,-0.666569,0.11046439166666677,-0.085,0.14689499999999994,-0.8029668400165555,0.07703315998344451,
1954-09-01,-0.1145618,0.24534307727333338,-0.1,0.1645416666666667,-0.701901,0.07513239166666674,-0.124,0.10789499999999996,-0.875787175411336,0.00421282458866401,
1954-10-01,-0.012458718,0.3474461592733334,-0.02,0.2445416666666667,-0.602803,0.17423039166666676,0.083,0.314895,-0.7725421994690116,0.10745780053098841,
1954-11-01,0.11703094,0.47693581727333334,0.08,0.3445416666666667,-0.532029,0.24500439166666677,0.104,0.33589499999999994,-0.6828287899559431,0.1971712100440569,
1954-12-01,-0.16503163,0.19487324727333336,-0.18,0.08454166666666671,-0.674465,0.10256839166666676,-0.073,0.15889499999999995,-0.8119950742238551,0.06800492577614492,
1955-01-01,0.10743682,0.46734169727333336,0.13,0.3945416666666667,-0.435277,0.3417563916666667,0.145,0.376895,-0.5804526648928423,0.2995473351071577,
1955-02-01,-0.19313392,0.16677095727333338,-0.16,0.1045416666666667,-0.811509,-0.034475608333333296,-0.189,0.04289499999999996,-0.9159774112898678,-0.035977411289867756,
1955-03-01,-0.3986435,-0.038738622726666616,-0.32,-0.05545833333333331,-0.918058,-0.1410246083333333,-0.332,-0.10010500000000006,-1.0248359101242563,-0.14483591012425634,
1955-04-01,-0.23075695,0.12914792727333338,-0.22,0.044541666666666695,-0.8031,-0.026066608333333297,-0.219,0.012894999999999962,-0.8441745655042556,0.03582543449574438,
1955-05-01,-0.23812088,0.12178399727333336,-0.2,0.06454166666666669,-0.753854,0.023179391666666715,-0.215,0.016894999999999966,-0.7193516450078334,0.16064835499216656,
1955-06-01,-0.17912176,0.18078311727333338,-0.13,0.1345416666666667,-0.701177,0.07585639166666669,-0.111,0.12089499999999996,-0.7188856070346041,0.16111439296539587,
1955-07-01,-0.20958729,0.15031758727333336,-0.11,0.1545416666666667,-0.709,0.06803339166666678,-0.151,0.08089499999999997,-0.7628831172740966,0.11711688272590337,
1955-08-01,-0.08957664,0.2703282372733334,0.02,0.2845416666666667,-0.540277,0.23675639166666673,0.14,0.371895,-0.6003042042120263,0.27969579578797366,
1955-09-01,-0.1438991,0.21600577727333337,-0.11,0.1545416666666667,-0.708646,0.06838739166666674,-0.115,0.11689499999999996,-0.683151955939298,0.196848044060702,
1955-10-01,-0.11588212,0.24402275727333336,-0.05,0.2145416666666667,-0.676543,0.10049039166666673,-0.047,0.18489499999999998,-0.738652246496553,0.14134775350344697,
1955-11-01,-0.32515964,0.03474523727333334,-0.25,0.014541666666666696,-0.870192,-0.09315860833333323,-0.247,-0.015105000000000035,-0.9200305608615853,-0.040030560861585296,
1955-12-01,-0.3677441,-0.00783922272666665,-0.28,-0.015458333333333331,-0.889761,-0.11272760833333328,-0.274,-0.04210500000000006,-0.9465138566857512,-0.06651385668575116,
1956-01-01,-0.23874073,0.12116414727333336,-0.13,0.1345416666666667,-0.712872,0.06416139166666679,-0.117,0.11489499999999996,-0.7562065503280984,0.12379344967190165,
1956-02-01,-0.28779706,0.07210781727333337,-0.24,0.024541666666666705,-0.795241,-0.018207608333333236,-0.213,0.018894999999999967,-0.8818995978490936,-0.0018995978490935483,
1956-03-01,-0.36208683,-0.0021819527266666583,-0.21,0.054541666666666704,-0.817263,-0.04022960833333322,-0.287,-0.055105000000000015,-0.8436047978060692,0.036395202193930776,
1956-04-01,-0.30881304,0.051091837273333385,-0.28,-0.015458333333333331,-0.854489,-0.07745560833333331,-0.262,-0.03010500000000005,-0.8795636541443574,0.00043634585564256145,
1956-05-01,-0.3357531,0.02415177727333334,-0.29,-0.025458333333333284,-0.832932,-0.055898608333333266,-0.258,-0.026105000000000045,-0.8364576532166268,0.04354234678337321,
1956-06-01,-0.22907464,0.13083023727333337,-0.15,0.11454166666666671,-0.736982,0.040051391666666714,-0.186,0.045894999999999964,-0.799543980533695,0.08045601946630498,
1956-07-01,-0.21012819,0.14977668727333338,-0.09,0.1745416666666667,-0.689614,0.08741939166666679,-0.117,0.11489499999999996,-0.7797623789739951,0.10023762102600486,
1956-08-01,-0.29088178,0.06902309727333339,-0.26,0.004541666666666687,-0.842001,-0.06496760833333326,-0.286,-0.054105000000000014,-0.883673447480934,-0.003673447480934011,
1956-09-01,-0.27417457,0.08573030727333336,-0.19,0.0745416666666667,-0.798074,-0.02104060833333321,-0.253,-0.02110500000000004,-0.9214357427358557,-0.04143574273585571,
1956-10-01,-0.2644093,0.09549557727333335,-0.23,0.034541666666666686,-0.847976,-0.07094260833333321,-0.199,0.03289499999999995,-0.9862920851894152,-0.10629208518941524,
1956-11-01,-0.21971346,0.14019141727333337,-0.15,0.11454166666666671,-0.741957,0.03507639166666676,-0.174,0.057894999999999974,-0.8544262447126929,0.0255737552873071,
1956-12-01,-0.15804568,0.20185919727333337,-0.07,0.1945416666666667,-0.610573,0.1664603916666667,-0.021,0.21089499999999997,-0.7478305730586179,0.13216942694138212,
1957-01-01,-0.21867512,0.14122975727333337,-0.09,0.1745416666666667,-0.649957,0.12707639166666673,-0.144,0.08789499999999997,-0.7878874100970812,0.09211258990291882,
1957-02-01,-0.1591183,0.20078657727333338,-0.03,0.2345416666666667,-0.699417,0.07761639166666678,-0.1,0.13189499999999996,-0.7960918022324623,0.08390819776753766,
1957-03-01,-0.19854978,0.16135509727333336,-0.05,0.2145416666666667,-0.74348,0.03355339166666671,-0.128,0.10389499999999996,-0.8041906087683124,0.07580939123168762,
1957-04-01,-0.040503476,0.3194014012733334,0.0,0.2645416666666667,-0.581888,0.19514539166666678,-0.001,0.23089499999999996,-0.6593232153286923,0.2206767846713077,
1957-05-01,0.033637576,0.39354245327333337,0.09,0.3545416666666667,-0.491356,0.2856773916666667,0.114,0.34589499999999995,-0.5427325155584128,0.33726748444158716,
1957-06-01,0.06498408,0.42488895727333337,0.15,0.41454166666666664,-0.456514,0.32051939166666676,0.176,0.40789499999999995,-0.4707167369108838,0.4092832630891162,
1957-07-01,-0.06165202,0.2982528572733334,0.02,0.2845416666666667,-0.514064,0.2629693916666668,-0.006,0.22589499999999996,-0.57740420789764,0.30259579210236,
1957-08-01,0.07240853,0.43231340727333334,0.15,0.41454166666666664,-0.452153,0.3248803916666667,0.104,0.33589499999999994,-0.5269147305454602,0.3530852694545398,
1957-09-01,0.04057059,0.4004754672733334,0.09,0.3545416666666667,-0.494403,0.28263039166666676,0.031,0.262895,-0.5342452132905926,0.3457547867094074,
1957-10-01,-0.00016871607,0.35973616120333335,0.01,0.2745416666666667,-0.517673,0.2593603916666667,0.11,0.34189499999999995,-0.5212982974060871,0.3587017025939129,
1957-11-01,-0.004293654,0.3556112232733334,0.08,0.3445416666666667,-0.549957,0.2270763916666667,0.076,0.307895,-0.5109491141418179,0.36905088585818213,
1957-12-01,0.05235917,0.4122640472733334,0.15,0.41454166666666664,-0.453345,0.32368839166666674,0.124,0.35589499999999996,-0.4584312604280534,0.4215687395719466,
1958-01-01,0.25787136,0.6177762372733333,0.39,0.6545416666666668,-0.253486,0.5235473916666668,0.307,0.5388949999999999,-0.294766504379421,0.585233495620579,
1958-02-01,0.09133103,0.45123590727333335,0.22,0.4845416666666667,-0.44555,0.33148339166666674,0.158,0.389895,-0.4683597736600351,0.4116402263399649,
1958-03-01,0.0060634757,0.36596835297333336,0.08,0.3445416666666667,-0.522887,0.25414639166666675,0.086,0.3178949999999999,-0.535089608796131,0.344910391203869,
1958-04-01,-0.06798845,0.29191642727333333,0.02,0.2845416666666667,-0.561144,0.21588939166666676,0.002,0.23389499999999996,-0.5392840112931427,0.34071598870685726,
1958-05-01,0.01650016,0.37640503727333335,0.06,0.3245416666666667,-0.493977,0.28305639166666674,0.039,0.27089499999999994,-0.42618026252111463,0.4538197374788854,
1958-06-01,-0.1536078,0.20629707727333338,-0.09,0.1745416666666667,-0.573429,0.20360439166666677,-0.052,0.17989499999999997,-0.539957289536158,0.34004271046384205,
1958-07-01,-0.018375644,0.34152923327333334,0.05,0.31454166666666666,-0.485159,0.29187439166666673,0.027,0.258895,-0.48595585585178114,0.39404414414821887,
1958-08-01,-0.08171818,0.27818669727333334,-0.05,0.2145416666666667,-0.579739,0.19729439166666674,-0.029,0.20289499999999996,-0.5768995114702911,0.30310048852970894,
1958-09-01,-0.111651435,0.24825344227333337,-0.03,0.2345416666666667,-0.637912,0.1391213916666667,-0.099,0.13289499999999996,-0.6554633344928682,0.2245366655071318,
1958-10-01,-0.016835088,0.34306978927333337,0.04,0.30454166666666665,-0.578942,0.19809139166666678,0.052,0.28389499999999995,-0.6241647333346343,0.2558352666653657,
1958-11-01,-0.03734682,0.32255805727333337,0.02,0.2845416666666667,-0.609531,0.1675023916666667,0.024,0.255895,-0.6329652115017783,0.2470347884982217,
1958-12-01,-0.081942834,0.27796204327333335,0.01,0.2745416666666667,-0.487846,0.28918739166666674,0.06,0.29189499999999996,-0.6086276558659414,0.27137234413405864,
1959-01-01,0.015283068,0.3751879452733334,0.08,0.3445416666666667,-0.489163,0.2878703916666667,0.06,0.29189499999999996,-0.5087516792181042,0.37124832078189585,
1959-02-01,-0.007371678,0.3525331992733334,0.07,0.3345416666666667,-0.537132,0.23990139166666669,0.002,0.23389499999999996,-0.5630086918636668,0.31699130813633325,
1959-03-01,0.018143501,0.3780483782733334,0.18,0.44454166666666667,-0.450156,0.32687739166666674,0.107,0.33889499999999995,-0.43259991870634806,0.44740008129365194,
1959-04-01,0.02855976,0.38846463727333336,0.16,0.42454166666666665,-0.465921,0.31111239166666677,0.148,0.379895,-0.46704416314076447,0.41295583685923554,
1959-05-01,-0.038834758,0.3210701192733334,0.04,0.30454166666666665,-0.485302,0.29173139166666673,0.049,0.28089499999999995,-0.5309464949805545,0.34905350501944554,
1959-06-01,-0.00085770286,0.3590471744133334,0.03,0.29454166666666665,-0.495478,0.28155539166666677,0.068,0.29989499999999997,-0.5158457331643653,0.3641542668356347,
1959-07-01,-0.04000526,0.3198996172733334,0.03,0.29454166666666665,-0.520152,0.2568813916666668,0.058,0.28989499999999996,-0.5289525177282108,0.35104748227178917,
1959-08-01,-0.038377,0.3215278772733334,-0.01,0.25454166666666667,-0.535291,0.24174239166666678,-0.004,0.22789499999999996,-0.5937021577881332,0.2862978422118668,
1959-09-01,-0.13988893,0.22001594727333337,-0.06,0.2045416666666667,-0.583962,0.19307139166666676,-0.075,0.15689499999999995,-0.7040705478375351,0.17592945216246492,
1959-10-01,-0.07035952,0.28954535727333336,-0.07,0.1945416666666667,-0.596853,0.18018039166666677,0.021,0.252895,-0.6381979792739223,0.2418020207260777,
1959-11-01,-0.18299846,0.17690641727333337,-0.08,0.1845416666666667,-0.637921,0.13911239166666678,-0.136,0.09589499999999995,-0.735625096661261,0.14437490333873904,
1959-12-01,-0.101615734,0.25828914327333335,0.0,0.2645416666666667,-0.533969,0.2430643916666667,0.01,0.24189499999999997,-0.5908907143487703,0.28910928565122973,
1960-01-01,-0.11280805,0.24709682727333337,0.0,0.2645416666666667,-0.596355,0.18067839166666677,-0.041,0.19089499999999995,-0.5680184797869821,0.31198152021301795,
1960-02-01,0.023852468,0.3837573452733334,0.13,0.3945416666666667,-0.483631,0.29340239166666676,0.096,0.32789499999999994,-0.48461087398907843,0.3953891260109216,
1960-03-01,-0.4439794,-0.08407452272666666,-0.35,-0.08545833333333328,-0.903687,-0.12665360833333328,-0.35,-0.11810500000000002,-0.9115794423315897,-0.03157944233158971,
1960-04-01,-0.26108533,0.09881954727333336,-0.15,0.11454166666666671,-0.74193,0.03510339166666676,-0.188,0.04389499999999996,-0.7438677327293082,0.13613226727069183,
1960-05-01,-0.17648228,0.18342259727333338,-0.08,0.1845416666666667,-0.680776,0.09625739166666669,-0.081,0.15089499999999995,-0.6186988262228681,0.2613011737771319,
1960-06-01,-0.12366712,0.23623775727333335,-0.04,0.2245416666666667,-0.613681,0.1633523916666667,-0.022,0.20989499999999997,-0.5684559472962682,0.31154405270373176,
1960-07-01,-0.11077627,0.24912860727333336,-0.04,0.2245416666666667,-0.552463,0.2245703916666667,-0.024,0.20789499999999997,-0.5770667533723177,0.3029332466276823,
1960-08-01,-0.0013532831,0.3585515941733334,0.02,0.2845416666666667,-0.576852,0.2001813916666667,0.04,0.27189499999999994,-0.531888002442944,0.348111997557056,
1960-09-01,0.004837685,0.36474256227333335,0.07,0.3345416666666667,-0.550997,0.22603639166666678,0.01,0.24189499999999997,-0.6236130049907622,0.2563869950092378,
1960-10-01,-0.029017955,0.3308869222733334,0.06,0.3245416666666667,-0.57927,0.1977633916666668,0.037,0.26889499999999994,-0.5697091761062545,0.3102908238937455,
1960-11-01,-0.21354827,0.14635660727333336,-0.11,0.1545416666666667,-0.733297,0.04373639166666676,-0.162,0.06989499999999996,-0.717536712627032,0.162463287372968,
1960-12-01,0.083580986,0.4434858632733334,0.19,0.4545416666666667,-0.381137,0.39589639166666674,0.173,0.40489499999999995,-0.4338297005645835,0.44617029943541653,
1961-01-01,-0.04635575,0.3135491272733334,0.07,0.3345416666666667,-0.512756,0.26427739166666675,0.042,0.27389499999999994,-0.5174475551648321,0.3625524448351679,
1961-02-01,0.096705556,0.4566104332733334,0.19,0.4545416666666667,-0.477265,0.29976839166666674,0.132,0.36389499999999997,-0.4858414568153595,0.3941585431846405,
1961-03-01,-0.055172652,0.3047322252733334,0.09,0.3545416666666667,-0.56356,0.2134733916666668,0.008,0.23989499999999997,-0.5635367606362998,0.31646323936370024,
1961-04-01,0.06639144,0.4262963172733334,0.13,0.3945416666666667,-0.474356,0.30267739166666674,0.136,0.36789499999999997,-0.5177641502234511,0.3622358497765489,
1961-05-01,0.073675886,0.4335807632733334,0.12,0.38454166666666667,-0.433551,0.3434823916666667,0.147,0.378895,-0.4279449463549838,0.4520550536450162,
1961-06-01,0.09197989,0.4518847672733334,0.12,0.38454166666666667,-0.447889,0.32914439166666676,0.162,0.393895,-0.4629017347397557,0.4170982652602443,
1961-07-01,-0.032639332,0.32726554527333335,0.01,0.2745416666666667,-0.50945,0.2675833916666668,0.027,0.258895,-0.4931436672274536,0.3868563327725464,
1961-08-01,-0.008431585,0.35147329227333335,0.01,0.2745416666666667,-0.534404,0.24262939166666675,0.037,0.26889499999999994,-0.5497109466526844,0.3302890533473156,
1961-09-01,-0.024969703,0.33493517427333336,0.08,0.3445416666666667,-0.554366,0.22266739166666671,0.001,0.23289499999999996,-0.5157293620671801,0.3642706379328199,
1961-10-01,-0.05986275,0.30004212727333335,0.0,0.2645416666666667,-0.59108,0.1859533916666667,0.025,0.256895,-0.5789230916518129,0.3010769083481871,
1961-11-01,-0.026532466,0.3333724112733334,0.03,0.29454166666666665,-0.562067,0.21496639166666676,0.015,0.24689499999999998,-0.6104263323722652,0.2695736676277348,
1961-12-01,-0.2475997,0.11230517727333336,-0.16,0.1045416666666667,-0.705814,0.07121939166666669,-0.135,0.09689499999999995,-0.720556602706008,0.15944339729399204,
1962-01-01,-0.05151344,0.30839143727333335,0.05,0.31454166666666666,-0.547637,0.2293963916666667,0.028,0.259895,-0.5908452313746544,0.2891547686253456,
1962-02-01,0.0194362,0.3793410772733334,0.15,0.41454166666666664,-0.477711,0.29932239166666674,0.105,0.33689499999999994,-0.5261968096129923,0.3538031903870077,
1962-03-01,0.024368165,0.38427304227333337,0.1,0.3645416666666667,-0.512274,0.26475939166666673,0.099,0.33089499999999994,-0.5580772971278698,0.3219227028721302,
1962-04-01,-0.017083768,0.34282110927333337,0.05,0.31454166666666666,-0.552911,0.2241223916666667,0.018,0.24989499999999995,-0.5910194362681356,0.2889805637318644,
1962-05-01,-0.17464149,0.18526338727333336,-0.06,0.2045416666666667,-0.645082,0.1319513916666667,-0.147,0.08489499999999997,-0.6286739427639247,0.25132605723607526,
1962-06-01,-0.051164575,0.3087403022733334,0.03,0.29454166666666665,-0.589285,0.1877483916666668,-0.032,0.19989499999999996,-0.6541795141306288,0.2258204858693712,
1962-07-01,-0.10579,0.2541148772733334,0.02,0.2845416666666667,-0.57549,0.2015433916666668,-0.048,0.18389499999999998,-0.5425502800984496,0.33744971990155037,
1962-08-01,-0.106195755,0.25370912227333337,-0.01,0.25454166666666667,-0.620032,0.1570013916666667,-0.054,0.17789499999999997,-0.601004175366544,0.27899582463345596,
1962-09-01,-0.06979703,0.2901078472733334,0.0,0.2645416666666667,-0.629324,0.14770939166666675,-0.077,0.15489499999999995,-0.6465193588724567,0.2334806411275433,
1962-10-01,-0.03567457,0.32423030727333335,0.01,0.2745416666666667,-0.576594,0.2004393916666667,-0.005,0.22689499999999996,-0.6074703755173907,0.2725296244826093,
1962-11-01,-0.015679093,0.3442257842733334,0.06,0.3245416666666667,-0.489589,0.28744439166666674,0.014,0.24589499999999997,-0.6038373972696949,0.27616260273030513,
1962-12-01,-0.1222971,0.23760777727333338,-0.03,0.2345416666666667,-0.579046,0.1979873916666668,-0.018,0.21389499999999997,-0.6208638813874039,0.2591361186125961,
1963-01-01,-0.11383734,0.24606753727333336,-0.03,0.2345416666666667,-0.6212,0.15583339166666677,-0.046,0.18589499999999998,-0.6501136142522874,0.22988638574771258,
1963-02-01,0.04454994,0.4044548172733334,0.18,0.44454166666666667,-0.461232,0.31580139166666676,0.106,0.33789499999999995,-0.5337182142875978,0.3462817857124022,
1963-03-01,-0.33684492,0.023059957273333376,-0.14,0.12454166666666669,-0.777919,-0.0008856083333332876,-0.271,-0.039105000000000056,-0.8481930393795274,0.03180696062047261,
1963-04-01,-0.17461775,0.18528712727333338,-0.07,0.1945416666666667,-0.660662,0.11637139166666677,-0.113,0.11889499999999996,-0.7336122972215495,0.14638770277845048,
1963-05-01,-0.1422222,0.21768267727333337,-0.06,0.2045416666666667,-0.59575,0.18128339166666674,-0.099,0.13289499999999996,-0.6211194074888056,0.25888059251119444,
1963-06-01,-0.06254856,0.29735631727333334,0.05,0.31454166666666666,-0.571726,0.20530739166666678,-0.01,0.22189499999999995,-0.5192139851294932,0.36078601487050677,
1963-07-01,0.06544909,0.42535396727333336,0.06,0.3245416666666667,-0.513882,0.2631513916666668,0.133,0.36489499999999997,-0.42860171062767094,0.45139828937232906,
1963-08-01,0.1517052,0.5116100772733334,0.22,0.4845416666666667,-0.432938,0.34409539166666675,0.272,0.503895,-0.35296059994925955,0.5270394000507405,
1963-09-01,0.12742086,0.4873257372733334,0.17,0.43454166666666666,-0.44282,0.33421339166666675,0.17,0.401895,-0.44814061510315994,0.43185938489684006,
1963-10-01,0.06973716,0.4296420372733334,0.14,0.4045416666666667,-0.465262,0.31177139166666673,0.178,0.40989499999999995,-0.5037274881524461,0.37627251184755395,
1963-11-01,0.05098216,0.41088703727333337,0.15,0.41454166666666664,-0.511555,0.26547839166666676,0.141,0.372895,-0.5102871861433531,0.3697128138566469,
1963-12-01,-0.056607757,0.3032971202733334,-0.03,0.2345416666666667,-0.540853,0.2361803916666667,0.058,0.28989499999999996,-0.5783251782849241,0.30167482171507587,
1964-01-01,-0.18663408,0.17327079727333336,-0.09,0.1745416666666667,-0.672305,0.1047283916666667,-0.101,0.13089499999999996,-0.6365561360923344,0.2434438639076656,
1964-02-01,-0.219652,0.14025287727333338,-0.1,0.1645416666666667,-0.724111,0.05292239166666679,-0.14,0.09189499999999995,-0.678168826834673,0.20183117316532695,
1964-03-01,-0.37943095,-0.01952607272666662,-0.21,0.054541666666666704,-0.870779,-0.09374560833333323,-0.327,-0.09510500000000005,-0.8436742334148626,0.03632576658513742,
1964-04-01,-0.43777615,-0.07787127272666661,-0.32,-0.05545833333333331,-0.884162,-0.10712860833333326,-0.354,-0.12210500000000002,-0.8709389895249107,0.009061010475089337,
1964-05-01,-0.37004596,-0.01014108272666664,-0.25,0.014541666666666696,-0.792256,-0.01522260833333322,-0.296,-0.06410500000000002,-0.7084234452086946,0.1715765547913054,
1964-06-01,-0.1657647,0.19414017727333338,-0.04,0.2245416666666667,-0.637448,0.13958539166666672,-0.043,0.18889499999999998,-0.6429770139163047,0.23702298608369532,
1964-07-01,-0.19717492,0.16272995727333336,-0.04,0.2245416666666667,-0.66557,0.11146339166666674,-0.069,0.16289499999999996,-0.503475724422966,0.37652427557703405,
1964-08-01,-0.29605675,0.06384812727333339,-0.22,0.044541666666666695,-0.757996,0.019037391666666736,-0.203,0.02889499999999995,-0.6948193423181728,0.18518065768182723,
1964-09-01,-0.40020818,-0.04030330272666666,-0.29,-0.025458333333333284,-0.885777,-0.1087436083333333,-0.326,-0.09410500000000005,-0.8969796214716332,-0.016979621471633233,
1964-10-01,-0.30882215,0.05108272727333335,-0.31,-0.0454583333333333,-0.860019,-0.08298560833333324,-0.262,-0.03010500000000005,-1.0023642946077977,-0.12236429460779774,
1964-11-01,-0.29469582,0.06520905727333337,-0.21,0.054541666666666704,-0.858437,-0.08140360833333327,-0.266,-0.03410500000000005,-0.8788995210579404,0.0011004789420595573,
1964-12-01,-0.3691682,-0.009263322726666634,-0.3,-0.03545833333333329,-0.844077,-0.06704360833333323,-0.302,-0.07010500000000003,-0.9147898596712274,-0.034789859671227386,
1965-01-01,-0.159235,0.20066987727333338,-0.08,0.1845416666666667,-0.693163,0.08387039166666677,-0.082,0.14989499999999994,-0.7385758142352152,0.14142418576478477,
1965-02-01,-0.2624241,0.09748077727333337,-0.17,0.09454166666666669,-0.803187,-0.026153608333333245,-0.177,0.05489499999999997,-0.8424360602730818,0.03756393972691818,
1965-03-01,-0.25670525,0.10319962727333337,-0.13,0.1345416666666667,-0.800455,-0.023421608333333288,-0.192,0.03989499999999996,-0.7825866571216302,0.09741334287836978,
1965-04-01,-0.29785508,0.062049797273333374,-0.19,0.0745416666666667,-0.80263,-0.025596608333333215,-0.225,0.006894999999999957,-0.8035822703754381,0.07641772962456195,
1965-05-01,-0.18796317,0.17194170727333336,-0.12,0.1445416666666667,-0.676589,0.10044439166666674,-0.118,0.11389499999999997,-0.6315575213037903,0.24844247869620972,
1965-06-01,-0.20483285,0.15507202727333336,-0.08,0.1845416666666667,-0.671591,0.10544239166666669,-0.115,0.11689499999999996,-0.6730708924171545,0.20692910758284555,
1965-07-01,-0.26492155,0.09498332727333336,-0.13,0.1345416666666667,-0.682025,0.09500839166666675,-0.131,0.10089499999999996,-0.6333190504672039,0.24668094953279607,
1965-08-01,-0.15913042,0.20077445727333337,-0.04,0.2245416666666667,-0.643045,0.13398839166666676,-0.078,0.15389499999999995,-0.673191408596157,0.206808591403843,
1965-09-01,-0.24430783,0.11559704727333336,-0.15,0.11454166666666671,-0.692673,0.08436039166666676,-0.195,0.036894999999999956,-0.7224263923802603,0.1575736076197397,
1965-10-01,-0.103734106,0.2561707712733334,-0.05,0.2145416666666667,-0.592091,0.1849423916666667,0.013,0.24489499999999997,-0.6797854615097201,0.20021453849027993,
1965-11-01,-0.14268802,0.21721685727333337,-0.06,0.2045416666666667,-0.602904,0.17412939166666674,-0.069,0.16289499999999996,-0.6896765960018119,0.19032340399818815,
1965-12-01,-0.14378089,0.21612398727333337,-0.08,0.1845416666666667,-0.61525,0.16178339166666678,-0.037,0.19489499999999996,-0.6594312885772773,0.22056871142272272,
1966-01-01,-0.2808778,0.07902707727333336,-0.19,0.0745416666666667,-0.761555,0.015478391666666758,-0.166,0.06589499999999995,-0.7392969075737561,0.1407030924262439,
1966-02-01,-0.16212367,0.19778120727333337,-0.04,0.2245416666666667,-0.679804,0.09722939166666678,-0.066,0.16589499999999996,-0.6709364464485876,0.20906355355141237,
1966-03-01,-0.16978277,0.19012210727333337,0.04,0.30454166666666665,-0.69256,0.08447339166666679,-0.071,0.16089499999999995,-0.6272493318827692,0.2527506681172308,
1966-04-01,-0.1690143,0.19089057727333336,-0.13,0.1345416666666667,-0.703079,0.07395439166666673,-0.074,0.15789499999999995,-0.6959823643156202,0.1840176356843798,
1966-05-01,-0.21472336,0.14518151727333337,-0.12,0.1445416666666667,-0.651082,0.1259513916666667,-0.122,0.10989499999999996,-0.621923431383351,0.25807656861664896,
1966-06-01,-0.1012937,0.2586111772733334,0.01,0.2745416666666667,-0.553074,0.22395939166666678,0.021,0.252895,-0.5112827192345257,0.3687172807654743,
1966-07-01,0.005452871,0.3653577482733334,0.08,0.3445416666666667,-0.458591,0.3184423916666667,0.085,0.316895,-0.4096286383726202,0.4703713616273798,
1966-08-01,-0.09650318,0.2634016972733334,-0.09,0.1745416666666667,-0.608622,0.16841139166666674,-0.048,0.18389499999999998,-0.5795901670126149,0.3004098329873851,
1966-09-01,-0.08231128,0.2775935972733334,-0.03,0.2345416666666667,-0.600677,0.17635639166666672,-0.025,0.20689499999999997,-0.601871503118037,0.27812849688196295,
1966-10-01,-0.23140763,0.12849724727333336,-0.17,0.09454166666666669,-0.757109,0.019924391666666708,-0.144,0.08789499999999997,-0.7811810011457503,0.09881899885424972,
1966-11-01,-0.10416578,0.2557390972733334,-0.01,0.25454166666666667,-0.636427,0.14060639166666677,-0.052,0.17989499999999997,-0.6966837362279197,0.18331626377208032,
1966-12-01,-0.13761355,0.22229132727333337,-0.02,0.2445416666666667,-0.621211,0.15582239166666678,-0.035,0.19689499999999996,-0.6573161072602396,0.22268389273976041,
1967-01-01,-0.2173265,0.14257837727333336,-0.07,0.1945416666666667,-0.733935,0.043098391666666735,-0.116,0.11589499999999996,-0.7352608346367298,0.14473916536327025,
1967-02-01,-0.3251586,0.03474627727333335,-0.2,0.06454166666666669,-0.846167,-0.06913360833333326,-0.255,-0.023105000000000042,-0.905732954103593,-0.025732954103592998,
1967-03-01,-0.09407949,0.2658253872733334,0.05,0.31454166666666666,-0.611443,0.16559039166666678,-0.038,0.19389499999999996,-0.6387446983540777,0.24125530164592235,
1967-04-01,-0.13158979,0.22831508727333336,-0.05,0.2145416666666667,-0.637526,0.1395073916666667,-0.055,0.17689499999999997,-0.6547845007062225,0.2252154992937775,
1967-05-01,0.061395533,0.42130041027333337,0.12,0.38454166666666667,-0.398755,0.3782783916666667,0.15,0.381895,-0.41964977757882593,0.46035022242117407,
1967-06-01,-0.108060315,0.25184456227333335,-0.08,0.1845416666666667,-0.611284,0.1657493916666667,-0.047,0.18489499999999998,-0.5936725873379878,0.2863274126620122,
1967-07-01,-0.06674149,0.29316338727333335,0.02,0.2845416666666667,-0.582815,0.19421839166666677,0.01,0.24189499999999997,-0.528789895662154,0.35121010433784605,
1967-08-01,-0.09757048,0.26233439727333335,0.01,0.2745416666666667,-0.602099,0.1749343916666667,-0.018,0.21389499999999997,-0.5716331010705211,0.3083668989294789,
1967-09-01,-0.12203266,0.23787221727333335,-0.06,0.2045416666666667,-0.589768,0.18726539166666678,-0.058,0.17389499999999997,-0.582619495045936,0.297380504954064,
1967-10-01,-0.017310103,0.34259477427333335,0.09,0.3545416666666667,-0.500039,0.27699439166666673,0.035,0.266895,-0.519762480290364,0.360237519709636,
1967-11-01,-0.11874013,0.24116474727333337,-0.05,0.2145416666666667,-0.653664,0.12336939166666672,-0.117,0.11489499999999996,-0.6676644920050538,0.21233550799494616,
1967-12-01,-0.15127681,0.20862806727333336,-0.05,0.2145416666666667,-0.589351,0.18768239166666678,-0.065,0.16689499999999996,-0.6144425448404398,0.2655574551595602,
1968-01-01,-0.31816864,0.041736237273333365,-0.26,0.004541666666666687,-0.792494,-0.015460608333333292,-0.25,-0.018105000000000038,-0.8410795212105846,0.0389204787894154,
1968-02-01,-0.26143587,0.09846900727333335,-0.14,0.12454166666666669,-0.783319,-0.006285608333333248,-0.195,0.036894999999999956,-0.7831349456077366,0.09686505439226345,
1968-03-01,0.0013748893,0.3612797665733334,0.2,0.4645416666666667,-0.496113,0.2809203916666667,0.074,0.305895,-0.5330801573509412,0.34691984264905884,
1968-04-01,-0.17663465,0.18327022727333336,-0.06,0.2045416666666667,-0.67013,0.10690339166666674,-0.114,0.11789499999999996,-0.6875585534820008,0.19244144651799922,
1968-05-01,-0.22178532,0.13811955727333336,-0.14,0.12454166666666669,-0.655723,0.1213103916666668,-0.162,0.06989499999999996,-0.6447473343850163,0.2352526656149837,
1968-06-01,-0.14835933,0.21154554727333336,-0.09,0.1745416666666667,-0.590078,0.18695539166666675,-0.041,0.19089499999999995,-0.684378977165732,0.19562102283426797,
1968-07-01,-0.19193594,0.16796893727333337,-0.13,0.1345416666666667,-0.642972,0.13406139166666675,-0.167,0.06489499999999995,-0.5938070779969813,0.2861929220030187,
1968-08-01,-0.12428071,0.23562416727333335,-0.08,0.1845416666666667,-0.591491,0.18554239166666675,-0.097,0.13489499999999996,-0.6529336749084713,0.2270663250915287,
1968-09-01,-0.22119264,0.13871223727333337,-0.19,0.0745416666666667,-0.691627,0.08540639166666675,-0.173,0.058894999999999975,-0.742467038790199,0.13753296120980096,
1968-10-01,0.012375091,0.3722799682733334,0.09,0.3545416666666667,-0.548664,0.2283693916666667,0.076,0.307895,-0.5634426278571247,0.31655737214287527,
1968-11-01,-0.1306103,0.22929457727333336,-0.05,0.2145416666666667,-0.719799,0.05723439166666677,-0.1,0.13189499999999996,-0.7135925903371803,0.16640740966281975,
1968-12-01,-0.18690734,0.17299753727333336,-0.14,0.12454166666666669,-0.700527,0.07650639166666673,-0.105,0.12689499999999998,-0.7382947060280252,0.14170529397197484,
1969-01-01,-0.15826304,0.20164183727333337,-0.11,0.1545416666666667,-0.692951,0.08408239166666676,-0.103,0.12889499999999998,-0.7021273428833261,0.17787265711667388,
1969-02-01,-0.19294651,0.16695836727333338,-0.18,0.08454166666666671,-0.718462,0.058571391666666694,-0.151,0.08089499999999997,-0.7678070426158516,0.11219295738414836,
1969-03-01,-0.12944362,0.23046125727333336,0.01,0.2745416666666667,-0.620682,0.15635139166666678,-0.067,0.16489499999999996,-0.6240736799312749,0.25592632006872507,
1969-04-01,0.05125407,0.41115894727333335,0.17,0.43454166666666666,-0.461566,0.31546739166666676,0.107,0.33889499999999995,-0.46099066059928795,0.41900933940071206,
1969-05-01,0.06674557,0.42665044727333334,0.18,0.44454166666666667,-0.379242,0.3977913916666667,0.156,0.387895,-0.3664267945382278,0.5135732054617722,
1969-06-01,0.009539859,0.36944473627333335,0.03,0.29454166666666665,-0.481647,0.29538639166666675,0.086,0.3178949999999999,-0.47665296527109646,0.40334703472890354,
1969-07-01,-0.10438616,0.25551871727333336,-0.04,0.2245416666666667,-0.559482,0.2175513916666667,-0.036,0.19589499999999996,-0.5268906657362855,0.3531093342637145,
1969-08-01,-0.06769555,0.2922093272733334,0.04,0.30454166666666665,-0.543232,0.2338013916666667,0.006,0.23789499999999997,-0.658231910548583,0.22176808945141702,
1969-09-01,-0.008707715,0.35119716227333336,0.08,0.3445416666666667,-0.505252,0.2717813916666667,0.044,0.27589499999999995,-0.5783036225667963,0.30169637743320366,
1969-10-01,0.003719503,0.3636243802733334,0.09,0.3545416666666667,-0.473575,0.3034583916666667,0.101,0.33289499999999994,-0.6101486917735421,0.26985130822645786,
1969-11-01,0.025700565,0.3856054422733334,0.12,0.38454166666666667,-0.459475,0.3175583916666667,0.08,0.311895,-0.48146213046831043,0.39853786953168957,
1969-12-01,0.1709391,0.5308439772733333,0.24,0.5045416666666667,-0.303237,0.47379639166666676,0.241,0.47289499999999995,-0.35091858867999903,0.529081411320001,
1970-01-01,0.014872325,0.3747772022733334,0.08,0.3445416666666667,-0.451052,0.32598139166666673,0.095,0.32689499999999994,-0.49907177125072266,0.38092822874927734,
1970-02-01,0.06424315,0.42414802727333334,0.22,0.4845416666666667,-0.453813,0.3232203916666667,0.123,0.35489499999999996,-0.4744788470785526,0.4055211529214474,
1970-03-01,-0.08874855,0.2711563272733334,0.06,0.3245416666666667,-0.578144,0.19888939166666675,-0.012,0.21989499999999995,-0.5947208783133142,0.2852791216866858,
1970-04-01,-0.07775901,0.28214586727333335,0.05,0.31454166666666666,-0.533539,0.24349439166666675,0.034,0.265895,-0.48160431049273633,0.3983956895072637,
1970-05-01,-0.14057353,0.21933134727333337,-0.03,0.2345416666666667,-0.569103,0.20793039166666671,-0.038,0.19389499999999996,-0.5469089257303779,0.33309107426962214,
1970-06-01,-0.13640197,0.22350290727333336,-0.02,0.2445416666666667,-0.58538,0.19165339166666673,-0.033,0.19889499999999996,-0.5026607116229052,0.37733928837709485,
1970-07-01,-0.10959522,0.2503096572733334,0.02,0.2845416666666667,-0.527915,0.24911839166666672,-0.006,0.22589499999999996,-0.5162014370939083,0.3637985629060917,
1970-08-01,-0.19705239,0.16285248727333337,-0.1,0.1645416666666667,-0.657218,0.11981539166666677,-0.135,0.09689499999999995,-0.683691027018714,0.19630897298128602,
1970-09-01,-0.029022845,0.33088203227333335,0.12,0.38454166666666667,-0.541291,0.23574239166666677,0.052,0.28389499999999995,-0.6126501230936476,0.26734987690635237,
1970-10-01,-0.05903375,0.30087112727333337,0.03,0.29454166666666665,-0.643077,0.13395639166666673,0.019,0.250895,-0.6413138079721641,0.23868619202783592,
1970-11-01,-0.058711983,0.30119289427333334,0.02,0.2845416666666667,-0.585873,0.19116039166666676,-0.073,0.15889499999999995,-0.6563143831579854,0.2236856168420146,
1970-12-01,-0.19040346,0.16950141727333337,-0.12,0.1445416666666667,-0.712973,0.06406039166666677,-0.14,0.09189499999999995,-0.6977880823086728,0.18221191769132716,
1971-01-01,-0.1412453,0.21865957727333338,-0.02,0.2445416666666667,-0.683144,0.09388939166666677,-0.081,0.15089499999999995,-0.6628418678605463,0.21715813213945367,
1971-02-01,-0.27191496,0.08798991727333338,-0.15,0.11454166666666671,-0.810149,-0.03311560833333327,-0.229,0.002894999999999953,-0.8477693498265868,0.0322306501734132,
1971-03-01,-0.33681545,0.02308942727333335,-0.18,0.08454166666666671,-0.791394,-0.014360608333333302,-0.253,-0.02110500000000004,-0.811935798009717,0.06806420199028296,
1971-04-01,-0.23175071,0.12815416727333337,-0.07,0.1945416666666667,-0.707635,0.06939839166666673,-0.123,0.10889499999999996,-0.7092256288525451,0.17077437114745486,
1971-05-01,-0.19585785,0.16404702727333337,-0.05,0.2145416666666667,-0.632459,0.14457439166666675,-0.066,0.16589499999999996,-0.6914830786116966,0.18851692138830345,
1971-06-01,-0.25800508,0.10189979727333337,-0.16,0.1045416666666667,-0.712109,0.06492439166666675,-0.118,0.11389499999999997,-0.722326179087684,0.15767382091231597,
1971-07-01,-0.18224245,0.17766242727333337,-0.08,0.1845416666666667,-0.616115,0.16091839166666677,-0.132,0.09989499999999996,-0.7033898748705347,0.17661012512946528,
1971-08-01,-0.17893139,0.18097348727333337,-0.01,0.25454166666666667,-0.635585,0.14144839166666678,-0.129,0.10289499999999996,-0.7038739832671617,0.17612601673283834,
1971-09-01,-0.122301966,0.23760291127333338,-0.05,0.2145416666666667,-0.567104,0.2099293916666667,-0.061,0.17089499999999996,-0.6805018176116171,0.1994981823883829,
1971-10-01,-0.15378936,0.20611551727333335,-0.04,0.2245416666666667,-0.721847,0.05518639166666672,-0.06,0.17189499999999996,-0.7924988475603065,0.08750115243969347,
1971-11-01,-0.14912635,0.21077852727333338,-0.07,0.1945416666666667,-0.706364,0.07066939166666675,-0.099,0.13289499999999996,-0.7528276206715194,0.12717237932848058,
1971-12-01,-0.22699708,0.13290779727333338,-0.08,0.1845416666666667,-0.673272,0.10376139166666676,-0.135,0.09689499999999995,-0.6856820440540581,0.19431795594594192,
1972-01-01,-0.37525278,-0.01534790272666664,-0.23,0.034541666666666686,-0.777118,-8.460833333323592e-5,-0.264,-0.03210500000000005,-0.8704018575623955,0.009598142437604484,
1972-02-01,-0.27612054,0.08378433727333334,-0.18,0.08454166666666671,-0.782148,-0.005114608333333215,-0.233,-0.0011050000000000504,-0.9089441176047277,-0.028944117604727704,
1972-03-01,-0.13954455,0.22036032727333338,0.02,0.2845416666666667,-0.590802,0.1862313916666667,-0.024,0.20789499999999997,-0.7168476101382062,0.1631523898617938,
1972-04-01,-0.12514822,0.23475665727333336,0.0,0.2645416666666667,-0.595186,0.18184739166666675,-0.005,0.22689499999999996,-0.613553166190167,0.26644683380983303,
1972-05-01,-0.07922414,0.28068073727333337,-0.03,0.2345416666666667,-0.567607,0.20942639166666677,-0.003,0.22889499999999996,-0.5726276067156562,0.30737239328434385,
1972-06-01,-0.029658787,0.33024609027333335,0.04,0.30454166666666665,-0.470321,0.30671239166666675,0.093,0.32489499999999993,-0.4123783567927539,0.4676216432072461,
1972-07-01,-0.088917576,0.27098730127333337,0.01,0.2745416666666667,-0.495229,0.28180439166666676,0.002,0.23389499999999996,-0.41668760988852327,0.46331239011147674,
1972-08-01,0.066713534,0.4266184112733334,0.16,0.42454166666666665,-0.379983,0.3970503916666667,0.148,0.379895,-0.45695374371655717,0.42304625628344283,
1972-09-01,-0.04894208,0.31096279727333337,0.02,0.2845416666666667,-0.513849,0.26318439166666674,0.049,0.28089499999999995,-0.5499957849561277,0.33000421504387234,
1972-10-01,-0.05213806,0.3077668172733334,0.08,0.3445416666666667,-0.504674,0.2723593916666668,0.073,0.30489499999999997,-0.549579012942683,0.33042098705731704,
1972-11-01,-0.047712818,0.3121920592733334,0.02,0.2845416666666667,-0.581647,0.19538639166666671,-0.02,0.21189499999999997,-0.6371162062990496,0.24288379370095037,
1972-12-01,0.11380298,0.47370785727333337,0.18,0.44454166666666667,-0.370392,0.40664139166666674,0.226,0.45789499999999994,-0.4381690120202073,0.4418309879797927,
1973-01-01,0.103777416,0.4636822932733334,0.29,0.5545416666666667,-0.32632,0.45071339166666674,0.233,0.46489499999999995,-0.35455397662633104,0.525446023373669,
1973-02-01,0.16177925,0.5216841272733334,0.32,0.5845416666666667,-0.332772,0.4442613916666667,0.249,0.48089499999999996,-0.32962166482053057,0.5503783351794694,
1973-03-01,0.11890244,0.47880731727333337,0.29,0.5545416666666667,-0.399108,0.3779253916666667,0.174,0.40589499999999995,-0.44468221221957904,0.43531778778042096,
1973-04-01,0.19584565,0.5557505272733334,0.27,0.5345416666666667,-0.319376,0.45765739166666675,0.244,0.47589499999999996,-0.4156824664350953,0.4643175335649047,
1973-05-01,0.11073905,0.4706439272733334,0.23,0.4945416666666667,-0.356371,0.42066239166666675,0.226,0.45789499999999994,-0.36911145835225057,0.5108885416477494,
1973-06-01,0.1066091,0.4665139772733334,0.19,0.4545416666666667,-0.330587,0.4464463916666667,0.232,0.46389499999999995,-0.4560233163716525,0.4239766836283475,
1973-07-01,0.020443445,0.3803483222733334,0.13,0.3945416666666667,-0.439391,0.33764239166666676,0.123,0.35489499999999996,-0.4524265498273472,0.4275734501726528,
1973-08-01,-0.021432456,0.3384724212733334,0.05,0.31454166666666666,-0.512731,0.2643023916666667,0.056,0.28789499999999996,-0.624058347284123,0.255941652715877,
1973-09-01,-0.031953212,0.32795166527333336,0.09,0.3545416666666667,-0.519272,0.2577613916666668,0.041,0.27289499999999994,-0.5929022773187178,0.2870977226812822,
1973-10-01,0.014868532,0.37477340927333336,0.1,0.3645416666666667,-0.533006,0.24402739166666676,0.065,0.29689499999999996,-0.6428601046363376,0.23713989536366242,
1973-11-01,-0.022962801,0.3369420762733334,0.04,0.30454166666666665,-0.583294,0.19373939166666676,0.025,0.256895,-0.6133335093727741,0.2666664906272259,
1973-12-01,-0.12689552,0.23300935727333336,-0.07,0.1945416666666667,-0.593918,0.1831153916666668,-0.015,0.21689499999999995,-0.6053303559850427,0.2746696440149573,
1974-01-01,-0.28131658,0.07858829727333339,-0.1,0.1645416666666667,-0.695486,0.08154739166666669,-0.179,0.05289499999999997,-0.7417972719850887,0.1382027280149113,
1974-02-01,-0.4434101,-0.0835052227266666,-0.27,-0.005458333333333322,-0.896553,-0.1195196083333333,-0.324,-0.09210500000000005,-0.9522715289575618,-0.07227152895756184,
1974-03-01,-0.23615961,0.12374526727333338,-0.05,0.2145416666666667,-0.729746,0.047287391666666734,-0.153,0.07889499999999997,-0.7943823941648311,0.08561760583516886,
1974-04-01,-0.19784877,0.16205610727333336,-0.11,0.1545416666666667,-0.676096,0.10093739166666671,-0.13,0.10189499999999996,-0.7588469939154212,0.1211530060845788,
1974-05-01,-0.12763573,0.23226914727333337,-0.04,0.2245416666666667,-0.56457,0.21246339166666672,-0.064,0.16789499999999996,-0.7345583655800567,0.1454416344199433,
1974-06-01,-0.112407885,0.24749699227333338,-0.05,0.2145416666666667,-0.577823,0.19921039166666676,-0.013,0.21889499999999995,-0.7189256035973521,0.16107439640264787,
1974-07-01,-0.13156419,0.22834068727333337,-0.03,0.2345416666666667,-0.555848,0.22118539166666673,-0.057,0.17489499999999997,-0.699929475051075,0.18007052494892506,
1974-08-01,0.027360272,0.3872651492733334,0.1,0.3645416666666667,-0.47492,0.30211339166666673,0.13,0.36189499999999997,-0.6204427558292345,0.25955724417076553,
1974-09-01,-0.08715109,0.2727537872733334,-0.08,0.1845416666666667,-0.639977,0.13705639166666672,-0.054,0.17789499999999997,-0.7937095698930428,0.08629043010695725,
1974-10-01,-0.10778122,0.25212365727333336,-0.06,0.2045416666666667,-0.641338,0.13569539166666678,-0.063,0.16889499999999996,-0.8318372151387159,0.048162784861284114,
1974-11-01,-0.11919313,0.2407117472733334,-0.08,0.1845416666666667,-0.701773,0.07526039166666676,-0.105,0.12689499999999998,-0.7995268282981218,0.08047317170187818,
1974-12-01,-0.207086,0.15281887727333338,-0.08,0.1845416666666667,-0.703977,0.07305639166666678,-0.108,0.12389499999999996,-0.7630479342681404,0.11695206573185957,
1975-01-01,-0.09040021,0.2695046672733334,0.1,0.3645416666666667,-0.584781,0.19225239166666674,-0.014,0.21789499999999995,-0.6410429429669726,0.2389570570330274,
1975-02-01,-0.018196227,0.34170865027333336,0.08,0.3445416666666667,-0.560445,0.21658839166666677,0.063,0.29489499999999996,-0.6599286226550536,0.22007137734494642,
1975-03-01,-0.0054699783,0.35443489897333336,0.12,0.38454166666666667,-0.532792,0.2442413916666667,0.074,0.305895,-0.6109523663010528,0.26904763369894724,
1975-04-01,-0.045102794,0.31480208327333337,0.04,0.30454166666666665,-0.559721,0.21731239166666672,0.061,0.29289499999999996,-0.6404750743477567,0.23952492565224326,
1975-05-01,0.05714347,0.4170483472733334,0.16,0.42454166666666665,-0.4629,0.31413339166666676,0.136,0.36789499999999997,-0.6305692130576119,0.24943078694238807,
1975-06-01,-0.055779707,0.30412517027333336,-0.01,0.25454166666666667,-0.52266,0.2543733916666667,0.016,0.24789499999999998,-0.6948534565084223,0.18514654349157766,
1975-07-01,-0.10013226,0.25977261727333334,-0.01,0.25454166666666667,-0.5612,0.2158333916666667,-0.012,0.21989499999999995,-0.7290645565809619,0.15093544341903808,
1975-08-01,-0.22818181,0.13172306727333336,-0.17,0.09454166666666669,-0.70745,0.06958339166666672,-0.163,0.06889499999999996,-0.8378346732187119,0.04216532678128815,
1975-09-01,-0.13540527,0.22449960727333337,-0.02,0.2445416666666667,-0.596139,0.18089439166666677,-0.055,0.17689499999999997,-0.8397570656797946,0.040242934320205426,
1975-10-01,-0.14757259,0.21233228727333336,-0.11,0.1545416666666667,-0.75958,0.017453391666666707,-0.111,0.12089499999999996,-0.9275318495271101,-0.04753184952711009,
1975-11-01,-0.25718805,0.10271682727333337,-0.17,0.09454166666666669,-0.782389,-0.005355608333333262,-0.234,-0.0021050000000000513,-0.8750109385666409,0.004989061433359088,
1975-12-01,-0.24539836,0.11450651727333336,-0.17,0.09454166666666669,-0.720833,0.056200391666666794,-0.119,0.11289499999999997,-0.8232356623081749,0.056764337691825095,
1976-01-01,-0.16464537,0.19525950727333335,-0.03,0.2345416666666667,-0.64087,0.1361633916666667,-0.083,0.14889499999999994,-0.7320101926356948,0.14798980736430523,
1976-02-01,-0.2256837,0.13422117727333338,-0.06,0.2045416666666667,-0.718592,0.05844139166666673,-0.158,0.07389499999999996,-0.8972689232835425,-0.01726892328354246,
1976-03-01,-0.33242023,0.027484647273333385,-0.21,0.054541666666666704,-0.836784,-0.05975060833333323,-0.293,-0.06110500000000002,-1.0136047191772555,-0.13360471917725547,
1976-04-01,-0.17992486,0.17998001727333338,-0.07,0.1945416666666667,-0.648688,0.1283453916666667,-0.122,0.10989499999999996,-0.8221491078997989,0.05785089210020111,
1976-05-01,-0.35492992,0.004974957273333358,-0.2,0.06454166666666669,-0.753662,0.023371391666666685,-0.253,-0.02110500000000004,-0.8771496169754585,0.0028503830245415473,
1976-06-01,-0.23106994,0.12883493727333337,-0.12,0.1445416666666667,-0.640495,0.1365383916666667,-0.097,0.13489499999999996,-0.7424684078232353,0.1375315921767647,
1976-07-01,-0.16832915,0.19157572727333336,-0.1,0.1645416666666667,-0.557027,0.2200063916666667,-0.023,0.20889499999999997,-0.6563260464732785,0.22367395352672148,
1976-08-01,-0.23769006,0.12221481727333336,-0.12,0.1445416666666667,-0.643441,0.1335923916666667,-0.094,0.13789499999999996,-0.7532437453675733,0.12675625463242668,
1976-09-01,-0.14836323,0.21154164727333336,-0.07,0.1945416666666667,-0.589714,0.18731939166666678,-0.025,0.20689499999999997,-0.6973736709763223,0.1826263290236777,
1976-10-01,-0.32972777,0.030177107273333392,-0.24,0.024541666666666705,-0.83114,-0.05410660833333325,-0.211,0.02089499999999997,-1.0604615066049625,-0.18046150660496252,
1976-11-01,-0.13153431,0.22837056727333338,-0.06,0.2045416666666667,-0.686263,0.09077039166666678,-0.07,0.16189499999999996,-0.8200467314839788,0.05995326851602123,
1976-12-01,-0.025347166,0.3345577112733334,0.11,0.37454166666666666,-0.471104,0.3059293916666667,0.122,0.35389499999999996,-0.666706119262269,0.21329388073773103,
1977-01-01,0.15539843,0.5153033072733334,0.19,0.4545416666666667,-0.405896,0.37113739166666676,0.235,0.46689499999999995,-0.5375570638544183,0.34244293614558174,
1977-02-01,0.10886311,0.46876798727333335,0.23,0.4945416666666667,-0.468037,0.30899639166666676,0.19,0.42189499999999996,-0.5860669265628022,0.29393307343719777,
1977-03-01,0.07974397,0.43964884727333337,0.24,0.5045416666666667,-0.459428,0.31760539166666674,0.156,0.387895,-0.5779312660050842,0.30206873399491585,
1977-04-01,0.13561848,0.4955233572733334,0.26,0.5245416666666667,-0.385604,0.39142939166666674,0.226,0.45789499999999994,-0.5089864818093535,0.37101351819064654,
1977-05-01,0.22808315,0.5879880272733333,0.33,0.5945416666666667,-0.303654,0.47337939166666676,0.313,0.5448949999999999,-0.414773997887977,0.46522600211202303,
1977-06-01,0.21037017,0.5702750472733333,0.27,0.5345416666666667,-0.294727,0.4823063916666667,0.326,0.557895,-0.38781720727159197,0.49218279272840804,
1977-07-01,0.14305487,0.5029597472733334,0.2,0.4645416666666667,-0.331333,0.44570039166666675,0.254,0.48589499999999997,-0.4394308909630773,0.4405691090369227,
1977-08-01,0.13268618,0.49259105727333335,0.18,0.44454166666666667,-0.36686,0.4101733916666667,0.274,0.505895,-0.4668460333128941,0.4131539666871059,
1977-09-01,-0.0005668915,0.35933798577333337,0.02,0.2845416666666667,-0.486226,0.29080739166666675,0.105,0.33689499999999994,-0.645339001304297,0.234660998695703,
1977-10-01,-0.015031992,0.3448728852733334,0.03,0.29454166666666665,-0.518676,0.2583573916666667,0.126,0.35789499999999996,-0.7158565683711906,0.1641434316288094,
1977-11-01,0.121903054,0.4818079312733334,0.16,0.42454166666666665,-0.400213,0.37682039166666675,0.194,0.42589499999999997,-0.48267907681545275,0.39732092318454726,
1977-12-01,-0.03897608,0.32092879727333334,0.03,0.29454166666666665,-0.494651,0.28238239166666673,0.085,0.316895,-0.5416820603648738,0.33831793963512624,
1978-01-01,0.03720004,0.39710491727333336,0.06,0.3245416666666667,-0.493401,0.28363239166666676,0.067,0.29889499999999997,-0.555605796807864,0.32439420319213597,
1978-02-01,0.074672915,0.4345777922733334,0.1,0.3645416666666667,-0.490135,0.28689839166666675,0.134,0.36589499999999997,-0.5828517751584688,0.29714822484153125,
1978-03-01,0.05966536,0.41957023727333337,0.19,0.4545416666666667,-0.455309,0.3217243916666667,0.127,0.35889499999999996,-0.5725277678449352,0.3074722321550648,
1978-04-01,0.053127714,0.41303259127333336,0.17,0.43454166666666666,-0.48939,0.28764339166666675,0.13,0.36189499999999997,-0.5518227283483785,0.32817727165162147,
1978-05-01,0.014391424,0.37429630127333335,0.09,0.3545416666666667,-0.472405,0.3046283916666667,0.146,0.377895,-0.4921453905659803,0.3878546094340197,
1978-06-01,-0.0535179,0.30638697727333336,-0.01,0.25454166666666667,-0.538405,0.23862839166666672,0.034,0.265895,-0.6255629138098975,0.2544370861901025,
1978-07-01,0.015332872,0.37523774927333337,0.04,0.30454166666666665,-0.448927,0.3281063916666667,0.147,0.378895,-0.48914524630941614,0.39085475369058387,
1978-08-01,-0.21700384,0.14290103727333336,-0.14,0.12454166666666669,-0.648053,0.12898039166666675,-0.133,0.09889499999999996,-0.7221517449133934,0.1578482550866066,
1978-09-01,0.036743633,0.39664851027333337,0.06,0.3245416666666667,-0.452456,0.3245773916666667,0.1,0.33189499999999994,-0.684872694863703,0.19512730513629706,
1978-10-01,-0.05963638,0.3002684972733334,0.03,0.29454166666666665,-0.546989,0.2300443916666668,0.037,0.26889499999999994,-0.6958291954924896,0.18417080450751044,
1978-11-01,0.09374198,0.45364685727333337,0.13,0.3945416666666667,-0.419184,0.35784939166666674,0.146,0.377895,-0.5278439397282231,0.3521560602717769,
1978-12-01,0.011339459,0.37124433627333336,0.08,0.3445416666666667,-0.468341,0.30869239166666673,0.116,0.34789499999999995,-0.514852956741688,0.36514704325831204,
1979-01-01,0.04814375,0.40804862727333335,0.09,0.3545416666666667,-0.445222,0.33181139166666673,0.115,0.34689499999999995,-0.421145590338309,0.458854409661691,
1979-02-01,-0.1811599,0.17874497727333336,-0.1,0.1645416666666667,-0.681708,0.09532539166666676,-0.101,0.13089499999999996,-0.6876970346051454,0.19230296539485459,
1979-03-01,0.063079506,0.4229843832733334,0.19,0.4545416666666667,-0.502391,0.2746423916666667,0.144,0.375895,-0.48712046669352915,0.39287953330647085,
1979-04-01,0.07374967,0.43365454727333336,0.15,0.41454166666666664,-0.555,0.2220333916666667,0.137,0.368895,-0.5090349455025436,0.3709650544974564,
1979-05-01,-0.025755826,0.3341490512733334,0.04,0.30454166666666665,-0.464247,0.3127863916666667,0.08,0.311895,-0.44730936220074113,0.43269063779925887,
1979-06-01,0.046210896,0.40611577327333337,0.14,0.4045416666666667,-0.400947,0.37608639166666674,0.121,0.35289499999999996,-0.4315602969697174,0.4484397030302826,
1979-07-01,0.016295154,0.37620003127333335,0.04,0.30454166666666665,-0.468713,0.30832039166666675,0.062,0.29389499999999996,-0.4979315239235085,0.3820684760764915,
1979-08-01,0.11369138,0.4735962572733334,0.17,0.43454166666666666,-0.398846,0.37818739166666676,0.169,0.400895,-0.40881417632465755,0.47118582367534245,
1979-09-01,0.17075953,0.5306644072733333,0.25,0.5145416666666667,-0.33418,0.44285339166666676,0.237,0.46889499999999995,-0.37652556479166677,0.5034744352083332,
1979-10-01,0.14282621,0.5027310872733334,0.26,0.5245416666666667,-0.3454,0.43163339166666675,0.277,0.508895,-0.3647868567335415,0.5152131432664585,
1979-11-01,0.20505442,0.5649592972733334,0.28,0.5445416666666667,-0.331038,0.44599539166666674,0.26,0.49189499999999997,-0.3844429177645683,0.4955570822354317,
1979-12-01,0.38435203,0.7442569072733334,0.48,0.7445416666666667,-0.096436,0.6805973916666668,0.501,0.732895,-0.1321782644424978,0.7478217355575022,
1980-01-01,0.24861458,0.6085194572733333,0.29,0.5545416666666667,-0.26986,0.5071733916666668,0.353,0.5848949999999999,-0.29927375011186186,0.5807262498881381,
1980-02-01,0.35473523,0.7146401072733334,0.39,0.6545416666666668,-0.212808,0.5642253916666667,0.422,0.6538949999999999,-0.24893224805486547,0.6310677519451345,
1980-03-01,0.21000946,0.5699143372733334,0.29,0.5545416666666667,-0.335904,0.44112939166666676,0.329,0.5608949999999999,-0.2763610254853184,0.6036389745146816,
1980-04-01,0.23045401,0.5903588872733334,0.3,0.5645416666666667,-0.319764,0.45726939166666675,0.383,0.614895,-0.18342556832623735,0.6965744316737627,
1980-05-01,0.2424358,0.6023406772733334,0.35,0.6145416666666668,-0.221641,0.5553923916666668,0.37,0.601895,-0.09177919592374906,0.788220804076251,
1980-06-01,0.1261058,0.48601067727333336,0.2,0.4645416666666667,-0.333801,0.4432323916666667,0.246,0.47789499999999996,-0.2531886287315892,0.6268113712684108,
1980-07-01,0.20206909,0.5619739672733334,0.22,0.4845416666666667,-0.289194,0.48783939166666673,0.346,0.5778949999999999,-0.2090864577887679,0.6709135422112321,
1980-08-01,0.16127785,0.5211827272733334,0.18,0.44454166666666667,-0.341463,0.4355703916666667,0.307,0.5388949999999999,-0.2850566033134818,0.5949433966865182,
1980-09-01,0.12191452,0.48181939727333334,0.2,0.4645416666666667,-0.385223,0.39181039166666676,0.233,0.46489499999999995,-0.36785600458363277,0.5121439954163672,
1980-10-01,0.09061974,0.45052461727333337,0.13,0.3945416666666667,-0.429023,0.34801039166666675,0.177,0.40889499999999995,-0.45549823585544047,0.42450176414455953,
1980-11-01,0.20343544,0.5633403172733333,0.29,0.5545416666666667,-0.346407,0.4306263916666667,0.258,0.48989499999999997,-0.4291540618558205,0.4508459381441795,
1980-12-01,0.106597304,0.46650218127333337,0.21,0.4745416666666667,-0.359353,0.41768039166666676,0.204,0.4358949999999999,-0.4725295959254616,0.4074704040745384,
1981-01-01,0.44203696,0.8019418372733333,0.53,0.7945416666666667,-0.094114,0.6829193916666667,0.509,0.740895,-0.17282807678747858,0.7071719232125214,
1981-02-01,0.33655667,0.6964615472733333,0.42,0.6845416666666667,-0.238523,0.5385103916666667,0.384,0.615895,-0.24990781415334062,0.6300921858466594,
1981-03-01,0.32589453,0.6857994072733333,0.48,0.7445416666666667,-0.210002,0.5670313916666667,0.412,0.6438949999999999,-0.1634023142508063,0.7165976857491937,
1981-04-01,0.19346966,0.5533745372733334,0.32,0.5845416666666667,-0.311419,0.46561439166666674,0.288,0.519895,-0.21310834277107382,0.6668916572289262,
1981-05-01,0.14246961,0.5023744872733333,0.24,0.5045416666666667,-0.315337,0.46169639166666676,0.239,0.47089499999999995,-0.23087509418277818,0.6491249058172218,
1981-06-01,0.24046272,0.6003675972733333,0.29,0.5545416666666667,-0.296362,0.4806713916666667,0.371,0.602895,-0.24944255902867596,0.630557440971324,
1981-07-01,0.26606837,0.6259732472733334,0.32,0.5845416666666667,-0.304634,0.4723993916666667,0.355,0.586895,-0.24167429170602972,0.6383257082939703,
1981-08-01,0.30667168,0.6665765572733333,0.35,0.6145416666666668,-0.255166,0.5218673916666667,0.394,0.625895,-0.235822728115469,0.644177271884531,
1981-09-01,0.13682197,0.4967268472733334,0.15,0.41454166666666664,-0.400265,0.37676839166666676,0.236,0.46789499999999995,-0.33649395012581707,0.5435060498741829,
1981-10-01,0.05150354,0.4114084172733334,0.12,0.38454166666666667,-0.383227,0.39380639166666676,0.193,0.42489499999999997,-0.41956745217784075,0.46043254782215925,
1981-11-01,0.15922348,0.5191283572733334,0.23,0.4945416666666667,-0.363949,0.4130843916666667,0.215,0.44689499999999993,-0.4244859917791022,0.4555140082208978,
1981-12-01,0.36241972,0.7223245972733334,0.41,0.6745416666666667,-0.158759,0.6182743916666668,0.468,0.6998949999999999,-0.2342716308720263,0.6457283691279737,
1982-01-01,-0.0334629,0.32644197727333335,0.05,0.31454166666666666,-0.525933,0.25110039166666676,0.083,0.314895,-0.5764286509040595,0.3035713490959405,0.08
1982-02-01,0.062530436,0.4224353132733334,0.15,0.41454166666666664,-0.471693,0.30534039166666677,0.119,0.35089499999999996,-0.48815529763674625,0.39184470236325375,-0.2
1982-03-01,-0.14027035,0.21963452727333338,0.03,0.29454166666666665,-0.634628,0.14240539166666677,-0.071,0.16089499999999995,-0.6377789295009002,0.2422210704990998,-0.14
1982-04-01,0.019516269,0.37942114627333334,0.15,0.41454166666666664,-0.489155,0.28787839166666673,0.047,0.27889499999999995,-0.538251536948275,0.341748463051725,0.02
1982-05-01,0.08710359,0.4470084672733334,0.18,0.44454166666666667,-0.409017,0.3680163916666667,0.161,0.392895,-0.37196036993853454,0.5080396300614655,0.49
1982-06-01,-0.003817752,0.35608712527333336,0.05,0.31454166666666666,-0.492929,0.28410439166666673,0.134,0.36589499999999997,-0.4206247453462133,0.4593752546537867,0.65
1982-07-01,0.073493905,0.4333987822733334,0.14,0.4045416666666667,-0.376668,0.40036539166666674,0.188,0.41989499999999996,-0.33879785918571415,0.5412021408142859,0.27
1982-08-01,-0.048078176,0.31182670127333334,0.03,0.29454166666666665,-0.496167,0.2808663916666667,0.089,0.32089499999999993,-0.454527925706774,0.425472074293226,0.86
1982-09-01,0.011959941,0.37186481827333334,0.14,0.4045416666666667,-0.43973,0.33730339166666673,0.154,0.385895,-0.46623480327325595,0.41376519672674406,1.24
1982-10-01,0.038742624,0.39864750127333337,0.13,0.3945416666666667,-0.458445,0.31858839166666675,0.175,0.40689499999999995,-0.519850768889409,0.36014923111059105,1.73
1982-11-01,0.027394824,0.38729970127333335,0.18,0.44454166666666667,-0.479388,0.29764539166666676,0.108,0.33989499999999995,-0.5209235810350723,0.3590764189649277,1.68
1982-12-01,0.27649266,0.6363975372733334,0.43,0.6945416666666667,-0.168623,0.6084103916666668,0.396,0.627895,-0.23314403808214124,0.6468559619178588,2.21
1983-01-01,0.35756493,0.7174698072733334,0.53,0.7945416666666667,-0.140474,0.6365593916666668,0.43,0.6618949999999999,-0.1505526930779375,0.7294473069220625,2.13
1983-02-01,0.33261734,0.6925222172733334,0.43,0.6945416666666667,-0.198472,0.5785613916666668,0.399,0.630895,-0.19317541523929016,0.6868245847607098,1.81
1983-03-01,0.24534746,0.6052523372733334,0.42,0.6845416666666667,-0.26964,0.5073933916666667,0.336,0.567895,-0.18835232256875045,0.6916476774312496,1.22
1983-04-01,0.17347585,0.5333807272733333,0.28,0.5445416666666667,-0.378891,0.39814239166666676,0.275,0.506895,-0.27718759152355155,0.6028124084764485,0.68
1983-05-01,0.21937236,0.5792772372733334,0.34,0.6045416666666668,-0.235059,0.5419743916666667,0.373,0.604895,-0.1332407797964663,0.7467592202035337,0.68
1983-06-01,0.16310692,0.5230117972733334,0.23,0.4945416666666667,-0.321421,0.4556123916666667,0.282,0.513895,-0.2654693131819208,0.6145306868180792,0.45
1983-07-01,0.11022931,0.47013418727333334,0.18,0.44454166666666667,-0.379694,0.39733939166666676,0.203,0.434895,-0.3165582702467269,0.5634417297532731,-0.33
1983-08-01,0.28008944,0.6399943172733333,0.36,0.6245416666666668,-0.25241,0.5246233916666667,0.358,0.589895,-0.24913615860646487,0.6308638413935351,-0.44
1983-09-01,0.32302758,0.6829324572733333,0.37,0.6345416666666668,-0.220054,0.5569793916666668,0.396,0.627895,-0.19794825989389508,0.6820517401061049,-0.38
1983-10-01,0.111498654,0.47140353127333334,0.17,0.43454166666666666,-0.395484,0.38154939166666674,0.189,0.42089499999999996,-0.4755239442179793,0.4044760557820207,-1.02
1983-11-01,0.2417792,0.6016840772733334,0.3,0.5645416666666667,-0.277016,0.5000173916666668,0.287,0.5188949999999999,-0.3545124313110595,0.5254875686889405,-1.29
1983-12-01,0.09204366,0.4519485372733334,0.16,0.42454166666666665,-0.36893,0.40810339166666676,0.2,0.431895,-0.42403096955316855,0.45596903044683146,-1.16
1984-01-01,0.15208378,0.5119886572733334,0.31,0.5745416666666667,-0.335005,0.44202839166666674,0.226,0.45789499999999994,-0.4021533134155071,0.4778466865844929,-0.96
1984-02-01,0.02364745,0.3835523272733334,0.14,0.4045416666666667,-0.464319,0.31271439166666676,0.103,0.33489499999999994,-0.5577671147971106,0.3222328852028894,-0.16
1984-03-01,0.14437644,0.5042813172733334,0.26,0.5245416666666667,-0.396234,0.38079939166666676,0.234,0.46589499999999995,-0.3927324228760831,0.4872675771239169,-0.52
1984-04-01,0.009426299,0.3693311762733334,0.06,0.3245416666666667,-0.512271,0.2647623916666667,0.119,0.35089499999999996,-0.4696892868851652,0.4103107131148348,-0.54
1984-05-01,0.21241368,0.5723185572733334,0.33,0.5945416666666667,-0.246473,0.5305603916666668,0.341,0.5728949999999999,-0.21530817761416188,0.6646918223858381,-0.69
1984-06-01,-0.039236266,0.32066861127333335,0.02,0.2845416666666667,-0.48522,0.29181339166666675,0.068,0.29989499999999997,-0.5059983244977779,0.3740016755022221,-1.03
1984-07-01,0.021247564,0.38115244127333336,0.19,0.4545416666666667,-0.41502,0.36201339166666674,0.093,0.32489499999999993,-0.5325279985220241,0.34747200147797586,-0.68
1984-08-01,0.09115781,0.4510626872733334,0.19,0.4545416666666667,-0.398142,0.37889139166666674,0.199,0.430895,-0.43925031335260556,0.44074968664739445,-0.54
1984-09-01,0.12354227,0.4834471472733334,0.21,0.4745416666666667,-0.384239,0.39279439166666674,0.217,0.44889499999999993,-0.4860092041181936,0.3939907958818064,-0.41
1984-10-01,0.036477182,0.39638205927333336,0.13,0.3945416666666667,-0.469596,0.3074373916666667,0.144,0.375895,-0.5224898171993111,0.3575101828006889,-0.75
1984-11-01,-0.060670886,0.2992339912733334,0.06,0.3245416666666667,-0.556284,0.22074939166666674,0.018,0.24989499999999995,-0.6520561343247895,0.22794386567521052,-1.3
1984-12-01,-0.16201137,0.19789350727333338,-0.04,0.2245416666666667,-0.5906,0.18643339166666673,-0.047,0.18489499999999998,-0.6028712456564129,0.2771287543435871,-1.48
1985-01-01,0.1122303,0.4721351772733334,0.22,0.4845416666666667,-0.339063,0.43797039166666674,0.24,0.47189499999999995,-0.4223342337548921,0.4576657662451079,-1.3
1985-02-01,-0.1041846,0.25572027727333335,-0.04,0.2245416666666667,-0.61073,0.16630339166666674,-0.041,0.19089499999999995,-0.694132778039938,0.185867221960062,-0.92
1985-03-01,0.03811985,0.3980247272733334,0.17,0.43454166666666666,-0.459221,0.31781239166666675,0.119,0.35089499999999996,-0.5305396054538569,0.3494603945461431,-0.89
1985-04-01,-0.0010148857,0.35888999157333334,0.12,0.38454166666666667,-0.50469,0.27234339166666677,0.101,0.33289499999999994,-0.47257448356725185,0.40742551643274816,-1.1
1985-05-01,0.06207422,0.4219790972733334,0.14,0.4045416666666667,-0.399552,0.3774813916666667,0.156,0.387895,-0.4372125756711682,0.4427874243288318,-1.08
1985-06-01,0.118237734,0.47814261127333335,0.15,0.41454166666666664,-0.401132,0.37590139166666675,0.167,0.398895,-0.46592593554838047,0.41407406445161954,-1.08
1985-07-01,-0.026522132,0.3333827452733334,0.04,0.30454166666666665,-0.54276,0.23427339166666672,0.031,0.262895,-0.5354265133537375,0.34457348664626253,-0.8
1985-08-01,0.13856536,0.4984702372733334,0.17,0.43454166666666666,-0.421197,0.35583639166666675,0.189,0.42089499999999996,-0.3942284278804813,0.4857715721195187,-0.63
1985-09-01,0.11488212,0.4747869972733334,0.13,0.3945416666666667,-0.446247,0.33078639166666673,0.114,0.34589499999999995,-0.5204075015675365,0.35959249843246355,-0.77
1985-10-01,0.0347409,0.3946457772733334,0.12,0.38454166666666667,-0.479909,0.29712439166666677,0.147,0.378895,-0.6464812029845568,0.2335187970154432,-0.74
1985-11-01,0.012488222,0.37239309927333336,0.05,0.31454166666666666,-0.526598,0.25043539166666673,0.055,0.28689499999999996,-0.594125776745523,0.285874223254477,-0.59
1985-12-01,0.052241497,0.41214637427333334,0.14,0.4045416666666667,-0.416677,0.3603563916666667,0.176,0.40789499999999995,-0.5459967482297792,0.33400325177022083,-0.59
1986-01-01,0.11331257,0.47321744727333337,0.26,0.5245416666666667,-0.360925,0.41610839166666674,0.191,0.42289499999999997,-0.43167174696219135,0.44832825303780866,-0.72
1986-02-01,0.30300084,0.6629057172733334,0.37,0.6345416666666668,-0.25116,0.5258733916666667,0.383,0.614895,-0.37789210562925213,0.5021078943707479,-0.78
1986-03-01,0.13119218,0.49109705727333336,0.3,0.5645416666666667,-0.350946,0.42608739166666676,0.211,0.4428949999999999,-0.4130398690148418,0.4669601309851582,-0.6
1986-04-01,0.12678848,0.4866933572733334,0.22,0.4845416666666667,-0.381362,0.39567139166666676,0.359,0.590895,-0.3001944916447261,0.5798055083552739,-0.52
1986-05-01,0.13788854,0.49779341727333337,0.21,0.4745416666666667,-0.332015,0.44501839166666673,0.46,0.6918949999999999,-0.26892901714197137,0.6110709828580286,-0.56
1986-06-01,0.037347052,0.39725192927333336,0.12,0.38454166666666667,-0.406369,0.37066439166666676,0.127,0.35889499999999996,-0.4484132415972617,0.4315867584027383,-0.33
1986-07-01,0.038082104,0.3979869812733334,0.11,0.37454166666666666,-0.404224,0.3728093916666667,0.129,0.36089499999999997,-0.44825300258912293,0.4317469974108771,-0.04
1986-08-01,0.08753751,0.44744238727333335,0.16,0.42454166666666665,-0.395501,0.38153239166666675,0.184,0.41589499999999996,-0.4371007232226738,0.4428992767773262,0.19
1986-09-01,0.020731853,0.3806367302733334,0.03,0.29454166666666665,-0.471833,0.30520039166666674,0.109,0.34089499999999995,-0.527782394884742,0.352217605115258,0.4
1986-10-01,0.049807582,0.4097124592733334,0.15,0.41454166666666664,-0.443579,0.33345439166666674,0.169,0.400895,-0.5945544202454691,0.2854455797545309,0.51
1986-11-01,0.036404632,0.39630950927333336,0.1,0.3645416666666667,-0.467221,0.30981239166666674,0.107,0.33889499999999995,-0.5013082873948296,0.3786917126051704,0.54
1986-12-01,0.025758738,0.38566361527333337,0.13,0.3945416666666667,-0.402421,0.37461239166666677,0.168,0.399895,-0.4472755538330624,0.4327244461669376,0.82
1987-01-01,0.2128771,0.5727819772733334,0.32,0.5845416666666667,-0.278886,0.4981473916666667,0.297,0.5288949999999999,-0.3321842117775837,0.5478157882224163,0.94
1987-02-01,0.3132464,0.6731512772733333,0.43,0.6945416666666667,-0.269343,0.5076903916666667,0.378,0.609895,-0.28901583502874395,0.590984164971256,0.82
1987-03-01,0.098497,0.45840187727333337,0.18,0.44454166666666667,-0.46484,0.31219339166666676,0.149,0.380895,-0.4813685876796576,0.3986314123203424,0.89
1987-04-01,0.1847574,0.5446622772733334,0.24,0.5045416666666667,-0.359667,0.4173663916666667,0.229,0.46089499999999994,-0.3335328383185985,0.5464671616814015,0.45
1987-05-01,0.16183253,0.5217374072733334,0.25,0.5145416666666667,-0.288755,0.48827839166666676,0.24,0.47189499999999995,-0.27297290952898834,0.6070270904710117,0.32
1987-06-01,0.2603819,0.6202867772733334,0.35,0.6145416666666668,-0.243661,0.5333723916666667,0.394,0.625895,-0.1913546492129221,0.6886453507870779,0.72
1987-07-01,0.34276047,0.7026653472733333,0.4,0.6645416666666668,-0.117219,0.6598143916666668,0.476,0.7078949999999999,-0.08948577573277916,0.7905142242672208,1.04
1987-08-01,0.20758079,0.5674856672733334,0.25,0.5145416666666667,-0.300435,0.47659839166666673,0.336,0.567895,-0.2708926944624217,0.6091073055375783,1.2
1987-09-01,0.25948873,0.6193936072733334,0.35,0.6145416666666668,-0.221125,0.5559083916666667,0.369,0.600895,-0.22492673022815168,0.6550732697718483,1.32
1987-10-01,0.267143,0.6270478772733334,0.33,0.5945416666666667,-0.286303,0.49073039166666677,0.316,0.547895,-0.34580169289939633,0.5341983071006037,0.97
1987-11-01,0.18341237,0.5433172472733334,0.29,0.5545416666666667,-0.367203,0.40983039166666674,0.223,0.45489499999999994,-0.37366234668419374,0.5063376533158063,0.85
1987-12-01,0.36644226,0.7263471372733334,0.46,0.7245416666666668,-0.163146,0.6138873916666667,0.481,0.712895,-0.1267299786090028,0.7532700213909972,0.77
1988-01-01,0.45299137,0.8128962472733334,0.57,0.8345416666666667,-0.101356,0.6756773916666667,0.488,0.719895,-0.13023483339793174,0.7497651666020683,0.67
1988-02-01,0.32688826,0.6867931372733334,0.44,0.7045416666666667,-0.198163,0.5788703916666668,0.361,0.592895,-0.3325473841767863,0.5474526158232137,0.22
1988-03-01,0.38051322,0.7404180972733334,0.51,0.7745416666666667,-0.173451,0.6035823916666667,0.413,0.644895,-0.19182635979025875,0.6881736402097413,0.06
1988-04-01,0.32160777,0.6815126472733334,0.42,0.6845416666666667,-0.208967,0.5680663916666667,0.429,0.660895,-0.1891555943295149,0.6908444056704851,-0.55
1988-05-01,0.31420523,0.6741101072733333,0.44,0.7045416666666667,-0.149671,0.6273623916666667,0.403,0.634895,-0.10345616617567543,0.7765438338243246,-1.32
1988-06-01,0.3294028,0.6893076772733333,0.4,0.6645416666666668,-0.162788,0.6142453916666668,0.426,0.6578949999999999,-0.1573278703716987,0.7226721296283013,-1.7
1988-07-01,0.25177196,0.6116768372733334,0.33,0.5945416666666667,-0.23118,0.5458533916666668,0.343,0.5748949999999999,-0.1970586420858318,0.6829413579141682,-1.73
1988-08-01,0.2540888,0.6139936772733334,0.39,0.6545416666666668,-0.203294,0.5737393916666668,0.424,0.6558949999999999,-0.16583920485152603,0.714160795148474,-1.43
1988-09-01,0.25307325,0.6129781272733335,0.37,0.6345416666666668,-0.245815,0.5312183916666667,0.386,0.617895,-0.18822842376072302,0.691771576239277,-0.93
1988-10-01,0.2517792,0.6116840772733334,0.37,0.6345416666666668,-0.278058,0.4989753916666667,0.351,0.5828949999999999,-0.3513371568795485,0.5286628431204515,-2.01
1988-11-01,0.023861293,0.3837661702733334,0.12,0.38454166666666667,-0.474177,0.3028563916666667,0.105,0.33689499999999994,-0.5697572510240665,0.3102427489759335,-2.22
1988-12-01,0.17115934,0.5310642172733333,0.29,0.5545416666666667,-0.320306,0.45672739166666676,0.274,0.505895,-0.3694248386447292,0.5105751613552708,-2.01
1989-01-01,-0.030971002,0.32893387527333334,0.12,0.38454166666666667,-0.521796,0.2552373916666667,0.019,0.250895,-0.5959045149731388,0.2840954850268612,-2.0
1989-02-01,0.23365676,0.5935616372733333,0.3,0.5645416666666667,-0.338874,0.43815939166666673,0.299,0.5308949999999999,-0.33735210251449566,0.5426478974855043,-1.48
1989-03-01,0.18142062,0.5413254972733333,0.36,0.6245416666666668,-0.363191,0.41384239166666675,0.246,0.47789499999999996,-0.357886731008211,0.522113268991789,-1.44
1989-04-01,0.144791,0.5046958772733334,0.29,0.5545416666666667,-0.365871,0.41116239166666674,0.269,0.500895,-0.31491728188285073,0.5650827181171493,-1.32
1989-05-01,0.03378454,0.3936894172733334,0.17,0.43454166666666666,-0.410546,0.3664873916666667,0.108,0.33989499999999995,-0.4071630878276835,0.4728369121723165,-0.89
1989-06-01,0.09265635,0.45256122727333337,0.15,0.41454166666666664,-0.395384,0.3816493916666667,0.18,0.41189499999999996,-0.40615874852560907,0.47384125147439093,-0.67
1989-07-01,0.25863385,0.6185387272733334,0.34,0.6045416666666668,-0.291064,0.48596939166666675,0.324,0.555895,-0.2376684411949519,0.6423315588050481,-0.57
1989-08-01,0.25041172,0.6103165972733333,0.33,0.5945416666666667,-0.293696,0.4833373916666667,0.319,0.5508949999999999,-0.3212759408274941,0.5587240591725059,-0.72
1989-09-01,0.29282442,0.6527292972733334,0.34,0.6045416666666668,-0.246319,0.5307143916666668,0.337,0.5688949999999999,-0.2835987165855052,0.5964012834144948,-0.51
1989-10-01,0.25445223,0.6143571072733334,0.29,0.5545416666666667,-0.305989,0.47104439166666673,0.332,0.563895,-0.3750109508391226,0.5049890491608774,-0.55
1989-11-01,0.10858728,0.4684921572733334,0.2,0.4645416666666667,-0.456811,0.3202223916666667,0.17,0.401895,-0.4899648850349312,0.3900351149650688,-0.62
1989-12-01,0.2785069,0.6384117772733333,0.37,0.6345416666666668,-0.195922,0.5811113916666667,0.413,0.644895,-0.2396665902600965,0.6403334097399035,-0.2
1990-01-01,0.280044,0.6399488772733334,0.41,0.6745416666666667,-0.248177,0.5288563916666668,0.378,0.609895,-0.22907270094981058,0.6509272990501894,-0.11
1990-02-01,0.27336293,0.6332678072733333,0.44,0.7045416666666667,-0.268166,0.5088673916666667,0.367,0.598895,-0.27535530990541623,0.6046446900945838,0.01
1990-03-01,0.62843674,0.9883416172733335,0.8,1.0645416666666667,0.029238,0.8062713916666667,0.698,0.9298949999999999,0.07255391712912385,0.9525539171291239,-0.18
1990-04-01,0.4895511,0.8494559772733334,0.56,0.8245416666666667,-0.064888,0.7121453916666667,0.581,0.8128949999999999,-0.05181934297888269,0.8281806570211173,-0.06
1990-05-01,0.40073684,0.7606417172733333,0.45,0.7145416666666667,-0.111727,0.6653063916666667,0.509,0.740895,-0.01695398826976202,0.863046011730238,0.04
1990-06-01,0.31067768,0.6705825572733334,0.37,0.6345416666666668,-0.225796,0.5512373916666667,0.403,0.634895,-0.1841695553324989,0.6958304446675011,-0.26
1990-07-01,0.37419075,0.7340956272733334,0.46,0.7245416666666668,-0.186337,0.5906963916666668,0.475,0.7068949999999999,-0.07735160798307206,0.802648392016928,-0.03
1990-08-01,0.27436608,0.6342709572733334,0.34,0.6045416666666668,-0.262161,0.5148723916666668,0.362,0.593895,-0.16666965577866577,0.7133303442213342,0.09
1990-09-01,0.21335655,0.5732614272733334,0.23,0.4945416666666667,-0.292324,0.48470939166666677,0.315,0.5468949999999999,-0.23096697686024825,0.6490330231397518,-0.03
1990-10-01,0.3798145,0.7397193772733334,0.44,0.7045416666666667,-0.211606,0.5654273916666668,0.464,0.6958949999999999,-0.15883650560267526,0.7211634943973247,0.18
1990-11-01,0.3525397,0.7124445772733334,0.46,0.7245416666666668,-0.232818,0.5442153916666668,0.419,0.650895,-0.12084935398277175,0.7591506460172283,-0.09
1990-12-01,0.28344208,0.6433469572733334,0.4,0.6645416666666668,-0.198847,0.5781863916666667,0.417,0.648895,-0.14963511142749653,0.7303648885725035,0.22
1991-01-01,0.29658547,0.6564903472733334,0.42,0.6845416666666667,-0.211352,0.5656813916666668,0.398,0.629895,-0.16582963145873109,0.7141703685412689,0.33
1991-02-01,0.39968774,0.7595926172733334,0.5,0.7645416666666667,-0.16713,0.6099033916666667,0.481,0.712895,-0.1225286065027209,0.7574713934972791,0.14
1991-03-01,0.24082075,0.6007256272733333,0.35,0.6145416666666668,-0.307078,0.4699553916666667,0.329,0.5608949999999999,-0.2532899481819477,0.6267100518180523,-0.08
1991-04-01,0.43238005,0.7922849272733334,0.51,0.7745416666666667,-0.123407,0.6536263916666667,0.523,0.754895,-0.1222211372995563,0.7577788627004437,0.08
1991-05-01,0.30784386,0.6677487372733334,0.34,0.6045416666666668,-0.17106,0.6059733916666667,0.422,0.6538949999999999,-0.17624873257088325,0.7037512674291168,0.25
1991-06-01,0.4286209,0.7885257772733334,0.53,0.7945416666666667,-0.059126,0.7179073916666667,0.559,0.790895,0.027534011014626714,0.9075340110146267,0.39
1991-07-01,0.4632974,0.8232022772733334,0.47,0.7345416666666666,-0.098874,0.6781593916666667,0.529,0.760895,-0.04782292845134961,0.8321770715486504,0.47
1991-08-01,0.3614778,0.7213826772733334,0.39,0.6545416666666668,-0.193388,0.5836453916666667,0.467,0.698895,-0.13953425371159156,0.7404657462884084,0.6
1991-09-01,0.34734884,0.7072537172733333,0.44,0.7045416666666667,-0.182305,0.5947283916666668,0.436,0.6678949999999999,-0.2020349361852034,0.6779650638147966,0.31
1991-10-01,0.24506222,0.6049670972733334,0.29,0.5545416666666667,-0.283683,0.4933503916666667,0.366,0.597895,-0.347731937965829,0.532268062034171,0.64
1991-11-01,0.24924882,0.6091536972733333,0.29,0.5545416666666667,-0.328334,0.4486993916666667,0.318,0.549895,-0.35900419111359305,0.520995808886407,0.89
1991-12-01,0.23334147,0.5932463472733334,0.32,0.5845416666666667,-0.317437,0.4595963916666667,0.364,0.595895,-0.3370177290637706,0.5429822709362294,1.5
1992-01-01,0.35674998,0.7166548572733333,0.47,0.7345416666666666,-0.16736,0.6096733916666668,0.47,0.7018949999999999,-0.2103746417293415,0.6696253582706585,1.67
1992-02-01,0.34311324,0.7030181172733334,0.4,0.6645416666666668,-0.214822,0.5622113916666667,0.412,0.6438949999999999,-0.25066487098461643,0.6293351290153836,1.55
1992-03-01,0.30520406,0.6651089372733334,0.48,0.7445416666666667,-0.203671,0.5733623916666668,0.425,0.656895,-0.24657189647753697,0.633428103522463,1.16
1992-04-01,0.15563804,0.5155429172733333,0.27,0.5345416666666667,-0.361886,0.41514739166666675,0.285,0.5168949999999999,-0.4201995552074269,0.4598004447925731,1.0
1992-05-01,0.16402274,0.5239276172733334,0.31,0.5745416666666667,-0.264069,0.5129643916666667,0.301,0.5328949999999999,-0.33845362014514535,0.5415463798548547,0.91
1992-06-01,0.15215196,0.5120568372733334,0.26,0.5245416666666667,-0.312978,0.46405539166666676,0.304,0.535895,-0.3229695160709234,0.5570304839290766,0.42
1992-07-01,0.0029708138,0.3628756910733334,0.09,0.3545416666666667,-0.449739,0.32729439166666674,0.155,0.386895,-0.46100929437124805,0.41899070562875196,0.15
1992-08-01,0.0349022,0.39480707727333336,0.08,0.3445416666666667,-0.47277,0.3042633916666667,0.131,0.36289499999999997,-0.48802201324395256,0.39197798675604745,-0.08
1992-09-01,-0.09570904,0.2641958372733334,-0.01,0.25454166666666667,-0.56656,0.2104733916666668,0.003,0.23489499999999996,-0.6085817646827998,0.2714182353172002,-0.16
1992-10-01,-0.028791253,0.33111362427333335,0.07,0.3345416666666667,-0.53637,0.24066339166666673,0.091,0.32289499999999993,-0.6016232795767671,0.2783767204232329,-0.5
1992-11-01,-0.040257417,0.31964746027333335,0.03,0.29454166666666665,-0.551145,0.22588839166666674,0.02,0.251895,-0.6173334374324444,0.2626665625675556,-0.18
1992-12-01,0.090317644,0.4502225212733334,0.21,0.4745416666666667,-0.406336,0.37069739166666676,0.22,0.45189499999999994,-0.4632969845382853,0.41670301546171473,0.14
1993-01-01,0.25701955,0.6169244272733334,0.35,0.6145416666666668,-0.272107,0.5049263916666668,0.359,0.590895,-0.30703265081723075,0.5729673491827693,0.16
1993-02-01,0.27421963,0.6341245072733334,0.37,0.6345416666666668,-0.258519,0.5185143916666668,0.397,0.628895,-0.3083214668728207,0.5716785331271793,0.34
1993-03-01,0.23302178,0.5929266572733334,0.36,0.6245416666666668,-0.313074,0.4639593916666667,0.325,0.5568949999999999,-0.3639343395548913,0.5160656604451087,0.23
1993-04-01,0.19141078,0.5513156572733333,0.28,0.5445416666666667,-0.33463,0.44240339166666676,0.3,0.531895,-0.3261584458861595,0.5538415541138405,0.32
1993-05-01,0.19120614,0.5511110172733333,0.28,0.5445416666666667,-0.30409,0.4729433916666667,0.299,0.5308949999999999,-0.2950736977916506,0.5849263022083494,0.65
1993-06-01,0.16080548,0.5207103572733334,0.23,0.4945416666666667,-0.30651,0.47052339166666673,0.323,0.5548949999999999,-0.3032629918874754,0.5767370081125246,0.15
1993-07-01,0.15566646,0.5155713372733334,0.25,0.5145416666666667,-0.342131,0.4349023916666667,0.285,0.5168949999999999,-0.3504185502231927,0.5295814497768073,0.22
1993-08-01,0.07832203,0.43822690727333335,0.11,0.37454166666666666,-0.404486,0.3725473916666667,0.221,0.45289499999999994,-0.38495583113143894,0.49504416886856106,-0.04
1993-09-01,0.04075761,0.40066248727333337,0.11,0.37454166666666666,-0.422174,0.35485939166666675,0.174,0.40589499999999995,-0.5160706082973441,0.3639293917026559,0.24
1993-10-01,0.14755535,0.5074602272733334,0.24,0.5045416666666667,-0.353157,0.42387639166666674,0.277,0.508895,-0.42985413519199867,0.45014586480800134,0.19
1993-11-01,0.060361587,0.42026646427333336,0.03,0.29454166666666665,-0.52071,0.25632339166666673,0.113,0.34489499999999995,-0.5428769836207952,0.33712301637920483,0.08
1993-12-01,0.14274992,0.5026547972733334,0.18,0.44454166666666667,-0.377409,0.39962439166666675,0.22,0.45189499999999994,-0.35298617956297207,0.5270138204370279,0.1
1994-01-01,0.19215903,0.5520639072733333,0.26,0.5245416666666667,-0.368486,0.40854739166666676,0.248,0.47989499999999996,-0.3960567223718918,0.4839432776281082,0.02
1994-02-01,0.0023926098,0.36229748707333337,0.02,0.2845416666666667,-0.594144,0.18288939166666673,0.064,0.29589499999999996,-0.6361395804786927,0.24386041952130733,-0.08
1994-03-01,0.2336412,0.5935460772733334,0.29,0.5545416666666667,-0.358025,0.41900839166666676,0.309,0.5408949999999999,-0.4183637839281751,0.4616362160718249,0.15
1994-04-01,0.24596804,0.6058729172733334,0.41,0.6745416666666667,-0.255459,0.5215743916666667,0.385,0.616895,-0.2807491028345286,0.5992508971654714,0.08
1994-05-01,0.19835669,0.5582615672733333,0.28,0.5445416666666667,-0.250998,0.5260353916666667,0.321,0.5528949999999999,-0.349169823538233,0.530830176461767,0.12
1994-06-01,0.31199977,0.6719046472733334,0.43,0.6945416666666667,-0.192121,0.5849123916666668,0.447,0.678895,-0.25395054307385223,0.6260494569261478,0.13
1994-07-01,0.17738077,0.5372856472733334,0.3,0.5645416666666667,-0.267471,0.5095623916666667,0.324,0.555895,-0.27448726818806435,0.6055127318119357,-0.01
1994-08-01,0.1678766,0.5277814772733334,0.21,0.4745416666666667,-0.327133,0.44990039166666673,0.253,0.48489499999999996,-0.38487413200613574,0.49512586799386427,0.4
1994-09-01,0.2650747,0.6249795772733333,0.31,0.5745416666666667,-0.250177,0.5268563916666668,0.38,0.611895,-0.23842864383111717,0.6415713561688828,0.28
1994-10-01,0.34181175,0.7017166272733334,0.43,0.6945416666666667,-0.182352,0.5946813916666668,0.476,0.7078949999999999,-0.2918496752349249,0.5881503247650751,0.6
1994-11-01,0.3497045,0.7096093772733334,0.44,0.7045416666666667,-0.200379,0.5766543916666668,0.429,0.660895,-0.24948598373722497,0.630514016262775,0.91
1994-12-01,0.24291748,0.6028223572733333,0.39,0.6545416666666668,-0.24156,0.5354733916666667,0.376,0.607895,-0.2714550811514549,0.6085449188485451,1.15
1995-01-01,0.4110714,0.7709762772733333,0.52,0.7845416666666667,-0.109159,0.6678743916666667,0.507,0.738895,-0.12881047262584033,0.7511895273741597,0.75
1995-02-01,0.6331949,0.9930997772733334,0.79,1.0545416666666667,0.079527,0.8565603916666668,0.747,0.978895,0.064631768706084,0.944631768706084,0.64
1995-03-01,0.35091624,0.7108211172733334,0.46,0.7245416666666668,-0.187578,0.5894553916666667,0.459,0.690895,-0.23592827659048865,0.6440717234095114,0.3
1995-04-01,0.4159058,0.7758106772733333,0.46,0.7245416666666668,-0.15766,0.6193733916666667,0.519,0.750895,-0.11893065278246162,0.7610693472175384,0.07
1995-05-01,0.2585347,0.6184395772733333,0.27,0.5345416666666667,-0.254533,0.5225003916666667,0.347,0.5788949999999999,-0.2347479435009916,0.6452520564990084,-0.21
1995-06-01,0.37477672,0.7346815972733334,0.43,0.6945416666666667,-0.124711,0.6523223916666667,0.551,0.782895,-0.08637076540763289,0.7936292345923671,-0.36
1995-07-01,0.43741086,0.7973157372733334,0.45,0.7145416666666667,-0.06989,0.7071433916666667,0.574,0.8058949999999999,-0.10466969437322504,0.775330305626775,-0.21
1995-08-01,0.3867608,0.7466656772733333,0.45,0.7145416666666667,-0.086949,0.6900843916666668,0.545,0.776895,-0.10654132418523332,0.7734586758147667,-0.57
1995-09-01,0.2746217,0.6345265772733334,0.33,0.5945416666666667,-0.208738,0.5682953916666668,0.389,0.620895,-0.200649408896016,0.679350591103984,-0.66
1995-10-01,0.3762129,0.7361177772733334,0.46,0.7245416666666668,-0.183403,0.5936303916666668,0.54,0.771895,-0.19509006097184667,0.6849099390281533,-0.94
1995-11-01,0.3672026,0.7271074772733334,0.45,0.7145416666666667,-0.177071,0.5999623916666668,0.474,0.7058949999999999,-0.22432753436791053,0.6556724656320895,-1.01
1995-12-01,0.16698353,0.5268884072733333,0.26,0.5245416666666667,-0.309556,0.46747739166666674,0.321,0.5528949999999999,-0.3411841370624096,0.5388158629375904,-0.91
1996-01-01,0.20947163,0.5693765072733333,0.24,0.5045416666666667,-0.340115,0.43691839166666674,0.304,0.535895,-0.3592150945920558,0.5207849054079442,-0.83
1996-02-01,0.45390844,0.8138133172733334,0.46,0.7245416666666668,-0.161651,0.6153823916666668,0.551,0.782895,-0.22273653435564178,0.6572634656443582,-0.77
1996-03-01,0.27732104,0.6372259172733334,0.32,0.5845416666666667,-0.287086,0.48994739166666673,0.397,0.628895,-0.31037737566687795,0.569622624333122,-0.66
1996-04-01,0.24258737,0.6024922472733334,0.33,0.5945416666666667,-0.297078,0.47995539166666673,0.384,0.615895,-0.3450415448639266,0.5349584551360734,-0.49
1996-05-01,0.23362954,0.5935344172733333,0.27,0.5345416666666667,-0.252258,0.5247753916666668,0.295,0.5268949999999999,-0.3672727519287662,0.5127272480712338,-0.51
1996-06-01,0.21319726,0.5731021372733334,0.25,0.5145416666666667,-0.304484,0.47254939166666676,0.294,0.525895,-0.31611673948075847,0.5638832605192415,-0.48
1996-07-01,0.32244933,0.6823542072733333,0.36,0.6245416666666668,-0.191911,0.5851223916666668,0.409,0.640895,-0.20700266183251514,0.6729973381674849,-0.37
1996-08-01,0.35113847,0.7110433472733333,0.48,0.7445416666666667,-0.163035,0.6139983916666667,0.531,0.762895,-0.11209930313430405,0.767900696865696,-0.31
1996-09-01,0.2008028,0.5607076772733334,0.25,0.5145416666666667,-0.318233,0.45880039166666675,0.288,0.519895,-0.32696971701578903,0.553030282984211,-0.35
1996-10-01,0.12212212,0.48202699727333337,0.22,0.4845416666666667,-0.397199,0.3798343916666667,0.238,0.46989499999999995,-0.4398179889158307,0.4401820110841693,-0.55
1996-11-01,0.30815268,0.6680575572733334,0.42,0.6845416666666667,-0.224876,0.5521573916666668,0.435,0.666895,-0.2202317892218506,0.6597682107781494,-0.43
1996-12-01,0.31529328,0.6751981572733334,0.37,0.6345416666666668,-0.238585,0.5384483916666667,0.45,0.6818949999999999,-0.24551782525375287,0.6344821747462471,-0.6
1997-01-01,0.24198909,0.6018939672733333,0.32,0.5845416666666667,-0.356728,0.42030539166666675,0.315,0.5468949999999999,-0.36852127774210075,0.5114787222578993,-0.61
1997-02-01,0.28807417,0.6479790472733333,0.4,0.6645416666666668,-0.300529,0.47650439166666675,0.385,0.616895,-0.3146274862125953,0.5653725137874047,-0.39
1997-03-01,0.38716474,0.7470696172733333,0.52,0.7845416666666667,-0.160719,0.6163143916666667,0.526,0.757895,-0.17033054526656954,0.7096694547334305,-0.36
1997-04-01,0.36691627,0.7268211472733334,0.33,0.5945416666666667,-0.236759,0.5402743916666668,0.425,0.656895,-0.3280921471702474,0.5519078528297526,-0.11
1997-05-01,0.3102904,0.6701952772733334,0.34,0.6045416666666668,-0.196014,0.5810193916666667,0.398,0.629895,-0.25217392095410673,0.6278260790458933,0.4
1997-06-01,0.48624817,0.8461530472733334,0.54,0.8045416666666667,-0.017066,0.7599673916666667,0.609,0.840895,-0.08047121670879775,0.7995287832912022,0.81
1997-07-01,0.3426114,0.7025162772733333,0.34,0.6045416666666668,-0.169402,0.6076313916666667,0.427,0.658895,-0.17319039186264362,0.7068096081373564,1.27
1997-08-01,0.403565,0.7634698772733334,0.41,0.6745416666666667,-0.126648,0.6503853916666668,0.465,0.696895,-0.13468288304631315,0.7453171169536869,1.68
1997-09-01,0.46278346,0.8226883372733333,0.52,0.7845416666666667,-0.007462,0.7695713916666668,0.557,0.788895,-0.06481628712753107,0.8151837128724689,1.84
1997-10-01,0.5664462,0.9263510772733334,0.61,0.8745416666666668,0.019165,0.7961983916666667,0.696,0.9278949999999999,-0.05383270785439365,0.8261672921456064,1.96
1997-11-01,0.6074866,0.9673914772733334,0.64,0.9045416666666668,0.006415,0.7834483916666667,0.701,0.9328949999999999,-0.018174572023633928,0.8618254279763661,2.11
1997-12-01,0.5172805,0.8771853772733333,0.59,0.8545416666666668,-0.03718,0.7398533916666667,0.653,0.884895,-0.04794528013891508,0.8320547198610849,2.1
1998-01-01,0.55728173,0.9171866072733335,0.58,0.8445416666666667,-0.041869,0.7351643916666667,0.598,0.8298949999999999,-0.048277756699913965,0.831722243300086,2.03
1998-02-01,0.7910442,1.1509490772733333,0.88,1.1445416666666668,0.145912,0.9229453916666668,0.84,1.071895,0.15419464605145627,1.0341946460514562,1.74
1998-03-01,0.5804441,0.9403489772733333,0.63,0.8945416666666668,-0.060017,0.7170163916666668,0.63,0.861895,-0.034808483477849705,0.8451915165221503,1.18
1998-04-01,0.6424939,1.0023987772733334,0.63,0.8945416666666668,0.078267,0.8553003916666667,0.74,0.971895,0.12034831030974225,1.0003483103097421,0.5
1998-05-01,0.6316857,0.9915905772733333,0.68,0.9445416666666668,0.084795,0.8618283916666667,0.744,0.975895,0.17813237842526064,1.0581323784252605,0.45
1998-06-01,0.66268194,1.0225868172733334,0.77,1.0345416666666667,0.10804,0.8850733916666668,0.784,1.015895,0.1825554290998248,1.0625554290998247,-0.75
1998-07-01,0.655401,1.0153058772733334,0.66,0.9245416666666668,0.109331,0.8863643916666667,0.76,0.991895,0.1205107590731167,1.0005107590731166,-1.15
1998-08-01,0.6472106,1.0071154772733333,0.65,0.9145416666666668,0.115161,0.8921943916666667,0.767,0.998895,0.14186832059112575,1.0218683205911256,-1.2
1998-09-01,0.4298964,0.7898012772733334,0.42,0.6845416666666667,-0.115424,0.6616093916666668,0.485,0.716895,-0.05276429575325281,0.8272357042467472,-1.03
1998-10-01,0.4102187,0.7701235772733334,0.42,0.6845416666666667,-0.186499,0.5905343916666668,0.472,0.7038949999999999,-0.17828454494214085,0.7017154550578591,-1.34
1998-11-01,0.3752962,0.7352010772733334,0.43,0.6945416666666667,-0.19079,0.5862433916666667,0.454,0.6858949999999999,-0.23998057746958956,0.6400194225304104,-1.31
1998-12-01,0.47987705,0.8397819272733333,0.54,0.8045416666666667,-0.033971,0.7430623916666668,0.603,0.8348949999999999,-0.08682964584576425,0.7931703541542358,-1.73
1999-01-01,0.3816996,0.7416044772733335,0.48,0.7445416666666667,-0.197885,0.5791483916666668,0.453,0.684895,-0.22678639552071544,0.6532136044792846,-1.58
1999-02-01,0.59453607,0.9544409472733333,0.64,0.9045416666666668,-0.003626,0.7734073916666667,0.661,0.892895,-0.047713462699045195,0.8322865373009548,-1.1
1999-03-01,0.25009823,0.6100031072733334,0.32,0.5845416666666667,-0.316151,0.4608823916666667,0.333,0.5648949999999999,-0.39050423308380644,0.48949576691619356,-0.89
1999-04-01,0.26248398,0.6223888572733334,0.32,0.5845416666666667,-0.279925,0.49710839166666676,0.368,0.599895,-0.3034706298655525,0.5765293701344475,-0.99
1999-05-01,0.24096714,0.6008720172733334,0.26,0.5245416666666667,-0.278916,0.49811739166666674,0.32,0.551895,-0.2970876984928452,0.5829123015071548,-0.92
1999-06-01,0.3194032,0.6793080772733333,0.36,0.6245416666666668,-0.191281,0.5857523916666667,0.439,0.670895,-0.23180051668019175,0.6481994833198083,-1.08
1999-07-01,0.30677584,0.6666807172733333,0.39,0.6545416666666668,-0.199015,0.5780183916666668,0.4,0.631895,-0.2021431934907092,0.6778568065092908,-1.03
1999-08-01,0.2986491,0.6585539772733333,0.31,0.5745416666666667,-0.217168,0.5598653916666667,0.375,0.606895,-0.23753108326161865,0.6424689167383814,-1.22
1999-09-01,0.27118403,0.6310889072733334,0.39,0.6545416666666668,-0.166801,0.6102323916666668,0.422,0.6538949999999999,-0.20031376461769312,0.6796862353823069,-1.03
1999-10-01,0.30264258,0.6625474572733334,0.34,0.6045416666666668,-0.260872,0.5161613916666667,0.413,0.644895,-0.30158102726637637,0.5784189727336236,-1.19
1999-11-01,0.27889413,0.6387990072733334,0.37,0.6345416666666668,-0.230859,0.5461743916666667,0.383,0.614895,-0.30332119391001733,0.5766788060899827,-1.63
1999-12-01,0.30911982,0.6690246972733334,0.4,0.6645416666666668,-0.158226,0.6188073916666668,0.46,0.6918949999999999,-0.22414648259248438,0.6558535174075156,-1.65
2000-01-01,0.1730085,0.5329133772733334,0.25,0.5145416666666667,-0.315839,0.46119439166666676,0.277,0.508895,-0.3886115269157209,0.49138847308427913,-1.77
2000-02-01,0.48922408,0.8491289572733334,0.56,0.8245416666666667,-0.109362,0.6676713916666668,0.537,0.768895,-0.13634741294964137,0.7436525870503586,-1.52
2000-03-01,0.43716556,0.7970704372733334,0.55,0.8145416666666667,-0.158698,0.6183353916666667,0.504,0.735895,-0.21825450520067946,0.6617454947993205,-1.13
2000-04-01,0.52741283,0.8873177072733334,0.56,0.8245416666666667,-0.049054,0.7279793916666667,0.574,0.8058949999999999,-0.08314559248719355,0.7968544075128065,-0.9
2000-05-01,0.29871225,0.6586171272733334,0.35,0.6145416666666668,-0.221178,0.5558553916666668,0.353,0.5848949999999999,-0.2215868267137182,0.6584131732862818,-0.97
2000-06-01,0.34490946,0.7048143372733333,0.4,0.6645416666666668,-0.18362,0.5934133916666667,0.428,0.6598949999999999,-0.24458595772493297,0.635414042275067,-0.7
2000-07-01,0.3254312,0.6853360772733333,0.39,0.6545416666666668,-0.17444,0.6025933916666667,0.393,0.624895,-0.23870037831403224,0.6412996216859678,-0.73
2000-08-01,0.37409568,0.7340005572733334,0.42,0.6845416666666667,-0.156009,0.6210243916666667,0.475,0.7068949999999999,-0.17497330829985813,0.7050266917001419,-0.51
2000-09-01,0.30793494,0.6678398172733333,0.39,0.6545416666666668,-0.157567,0.6194663916666667,0.456,0.6878949999999999,-0.23918994696605367,0.6408100530339463,-0.52
2000-10-01,0.19011797,0.5500228472733334,0.27,0.5345416666666667,-0.318021,0.45901239166666674,0.324,0.555895,-0.39535691993132716,0.48464308006867285,-0.71
2000-11-01,0.24096185,0.6008667272733333,0.3,0.5645416666666667,-0.311286,0.46574739166666673,0.342,0.573895,-0.3467040472771945,0.5332959527228055,-0.9
2000-12-01,0.19713148,0.5570363572733333,0.28,0.5445416666666667,-0.320251,0.45678239166666673,0.327,0.5588949999999999,-0.3426515347139478,0.5373484652860522,-1.05
2001-01-01,0.3569443,0.7168491772733334,0.45,0.7145416666666667,-0.182272,0.5947613916666667,0.466,0.6978949999999999,-0.2298459318494075,0.6501540681505925,-0.76
2001-02-01,0.38460863,0.7445135072733333,0.43,0.6945416666666667,-0.220974,0.5560593916666667,0.44,0.6718949999999999,-0.2826771927460019,0.5973228072539981,-0.56
2001-03-01,0.5119669,0.8718717772733333,0.55,0.8145416666666667,-0.132555,0.6444783916666668,0.563,0.7948949999999999,-0.15869749577185033,0.7213025042281497,-0.37
2001-04-01,0.44388664,0.8037915172733334,0.5,0.7645416666666667,-0.122597,0.6544363916666668,0.553,0.784895,-0.15391839499363336,0.7260816050063666,-0.56
2001-05-01,0.4828485,0.8427533772733333,0.57,0.8345416666666667,-0.036743,0.7402903916666668,0.567,0.7988949999999999,-0.04674281509144862,0.8332571849085514,-0.46
2001-06-01,0.44262147,0.8025263472733334,0.52,0.7845416666666667,-0.059394,0.7176393916666668,0.564,0.7958949999999999,-0.11092700784875476,0.7690729921512452,-0.16
2001-07-01,0.50700694,0.8669118172733334,0.59,0.8545416666666668,0.005363,0.7823963916666667,0.603,0.8348949999999999,-0.021627338695449083,0.8583726613045509,-0.11
2001-08-01,0.49940884,0.8593137172733334,0.48,0.7445416666666667,-0.070871,0.7061623916666667,0.556,0.787895,-0.05151527133421396,0.828484728665786,-0.09
2001-09-01,0.4892433,0.8491481772733334,0.51,0.7745416666666667,-0.062429,0.7146043916666668,0.559,0.790895,-0.07817881853690167,0.8018211814630983,-0.19
2001-10-01,0.46119478,0.8210996572733333,0.5,0.7645416666666667,-0.137008,0.6400253916666667,0.56,0.791895,-0.10623944459446122,0.7737605554055388,-0.25
2001-11-01,0.6860655,1.0459703772733333,0.72,0.9845416666666666,0.054974,0.8320073916666667,0.721,0.9528949999999999,0.09950208817222084,0.9795020881722208,-0.48
2001-12-01,0.53560954,0.8955144172733334,0.55,0.8145416666666667,-0.018007,0.7590263916666667,0.656,0.887895,0.02945074736541997,0.90945074736542,-0.53
2002-01-01,0.64008385,0.9999887272733334,0.77,1.0345416666666667,0.058346,0.8353793916666667,0.723,0.9548949999999999,0.09550228992452858,0.9755022899245286,-0.2
2002-02-01,0.6341328,0.9940376772733335,0.78,1.0445416666666667,0.005903,0.7829363916666667,0.674,0.905895,-0.008101079119962051,0.871898920880038,0.03
2002-03-01,0.78657645,1.1464813272733334,0.88,1.1445416666666668,0.142943,0.9199763916666668,0.867,1.098895,0.19099813354828754,1.0709981335482874,-0.06
2002-04-01,0.55723935,0.9171442272733334,0.58,0.8445416666666667,-0.108802,0.6682313916666668,0.615,0.846895,-0.06329034554476642,0.8167096544552336,0.03
2002-05-01,0.49717405,0.8570789272733333,0.64,0.9045416666666668,0.024199,0.8012323916666667,0.664,0.895895,0.07943456216960953,0.9594345621696095,0.19
2002-06-01,0.44335693,0.8032618072733333,0.53,0.7945416666666667,-0.042134,0.7348993916666667,0.618,0.849895,0.023240011570369035,0.903240011570369,0.6
2002-07-01,0.5668847,0.9267895772733334,0.61,0.8745416666666668,0.037552,0.8145853916666668,0.652,0.883895,0.032615593977713075,0.9126155939777131,0.58
2002-08-01,0.4958394,0.8557442772733334,0.53,0.7945416666666667,-0.047639,0.7293943916666668,0.569,0.8008949999999999,-0.046256479475747625,0.8337435205242524,0.66
2002-09-01,0.49875727,0.8586621472733333,0.64,0.9045416666666668,-0.039805,0.7372283916666668,0.644,0.875895,0.005285896221163711,0.8852858962211637,0.85
2002-10-01,0.49666405,0.8565689272733334,0.54,0.8045416666666667,-0.050063,0.7269703916666668,0.616,0.847895,-0.08154422449167598,0.798455775508324,1.02
2002-11-01,0.48778853,0.8476934072733333,0.59,0.8545416666666668,-0.056322,0.7207113916666668,0.598,0.8298949999999999,-0.05410649492918118,0.8258935050708188,1.2
2002-12-01,0.34140956,0.7013144372733333,0.44,0.7045416666666667,-0.118938,0.6580953916666668,0.545,0.776895,-0.12302381089389414,0.7569761891061059,1.3
2003-01-01,0.6511286,1.0110334772733334,0.74,1.0045416666666667,0.061347,0.8383803916666668,0.752,0.983895,0.10626670015898654,0.9862667001589865,0.88
2003-02-01,0.48069787,0.8406027472733334,0.58,0.8445416666666667,-0.052146,0.7248873916666667,0.566,0.7978949999999999,-0.08817189454605945,0.7918281054539406,0.65
2003-03-01,0.4737792,0.8336840772733334,0.6,0.8645416666666668,-0.109767,0.6672663916666668,0.545,0.776895,-0.16531993813454804,0.714680061865452,0.5
2003-04-01,0.46474713,0.8246520072733334,0.55,0.8145416666666667,-0.07372,0.7033133916666667,0.562,0.793895,-0.12036441491988548,0.7596355850801145,-0.14
2003-05-01,0.5141707,0.8740755772733333,0.6,0.8645416666666668,-0.02295,0.7540833916666667,0.606,0.837895,-0.013299820540140672,0.8667001794598593,-0.6
2003-06-01,0.41962895,0.7795338272733334,0.47,0.7345416666666666,-0.116204,0.6608293916666668,0.497,0.728895,-0.1388016405008834,0.7411983594991166,-0.34
2003-07-01,0.48138723,0.8412921072733334,0.58,0.8445416666666667,-0.031464,0.7455693916666667,0.558,0.789895,-0.04863927520079514,0.8313607247992049,0.04
2003-08-01,0.61090505,0.9708099272733333,0.64,0.9045416666666668,0.024826,0.8018593916666668,0.686,0.917895,0.04551294094232716,0.9255129409423272,0.04
2003-09-01,0.5693167,0.9292215772733334,0.62,0.8845416666666668,0.042913,0.8199463916666667,0.703,0.9348949999999999,0.07373661990517277,0.9537366199051728,0.18
2003-10-01,0.65289444,1.0127993172733334,0.72,0.9845416666666666,0.107551,0.8845843916666667,0.782,1.013895,0.10365462253746571,0.9836546225374657,0.42
2003-11-01,0.48996416,0.8498690372733333,0.52,0.7845416666666667,-0.067262,0.7097713916666667,0.573,0.8048949999999999,-0.03789067975295701,0.842109320247043,0.21
2003-12-01,0.6507338,1.0106386772733333,0.74,1.0045416666666667,0.113435,0.8904683916666667,0.781,1.0128949999999999,0.17765361042123473,1.0576536104212346,0.34
2004-01-01,0.50079334,0.8606982172733333,0.57,0.8345416666666667,-0.023363,0.7536703916666667,0.612,0.843895,-0.04088795552626934,0.8391120444737307,0.22
2004-02-01,0.62853736,0.9884422372733335,0.72,0.9845416666666666,0.029249,0.8062823916666667,0.708,0.9398949999999999,0.026254697979771535,0.9062546979797715,0.16
2004-03-01,0.5184426,0.8783474772733333,0.63,0.8945416666666668,-0.027735,0.7492983916666668,0.608,0.839895,-0.012022342613210668,0.8679776573867893,-0.18
2004-04-01,0.51552314,0.8754280172733333,0.6,0.8645416666666668,-0.050497,0.7265363916666667,0.631,0.862895,-0.014664380290122736,0.8653356197098773,-0.04
2004-05-01,0.3473411,0.7072459772733334,0.37,0.6345416666666668,-0.202754,0.5742793916666667,0.374,0.605895,-0.21088431703773836,0.6691156829622616,0.07
2004-06-01,0.30848694,0.6683918172733334,0.44,0.7045416666666667,-0.175763,0.6012703916666667,0.458,0.6898949999999999,-0.09330194929456681,0.7866980507054332,-0.0
2004-07-01,0.2363415,0.5962463772733334,0.25,0.5145416666666667,-0.228158,0.5488753916666668,0.33,0.561895,-0.2768058101793791,0.6031941898206209,0.47
2004-08-01,0.4592412,0.8191460772733334,0.45,0.7145416666666667,-0.113811,0.6632223916666667,0.489,0.720895,-0.16180367411522312,0.7181963258847769,0.61
2004-09-01,0.46063465,0.8205395272733333,0.5,0.7645416666666667,-0.074056,0.7029773916666667,0.576,0.8078949999999999,-0.03989939093093042,0.8401006090690696,0.67
2004-10-01,0.517362,0.8772668772733334,0.61,0.8745416666666668,-0.006432,0.7706013916666667,0.651,0.882895,0.005764231436547362,0.8857642314365474,0.64
2004-11-01,0.64621204,1.0061169172733333,0.73,0.9945416666666667,0.063142,0.8401753916666668,0.705,0.9368949999999999,0.07158243765085182,0.9515824376508518,0.59
2004-12-01,0.41018593,0.7700908072733333,0.5,0.7645416666666667,-0.084265,0.6927683916666667,0.528,0.759895,-0.09503953787341501,0.784960462126585,0.63
2005-01-01,0.642608,1.0025128772733334,0.75,1.0145416666666667,0.143182,0.9202153916666668,0.748,0.979895,0.14843106560755714,1.028431065607557,0.61
2005-02-01,0.5272139,0.8871187772733333,0.6,0.8645416666666668,-0.034249,0.7427843916666668,0.654,0.885895,0.0059026042379226595,0.8859026042379227,0.24
2005-03-01,0.63975716,0.9996620372733334,0.74,1.0045416666666667,0.052758,0.8297913916666667,0.748,0.979895,0.08761732689121615,0.9676173268912162,0.27
2005-04-01,0.6256123,0.9855171772733333,0.67,0.9345416666666668,0.033341,0.8103743916666667,0.705,0.9368949999999999,0.06973729930854766,0.9497372993085477,0.13
2005-05-01,0.54950297,0.9094078472733333,0.62,0.8845416666666668,0.033369,0.8104023916666667,0.66,0.891895,0.06955638915192708,0.9495563891519271,0.22
2005-06-01,0.5670723,0.9269771772733333,0.64,0.9045416666666668,0.051474,0.8285073916666668,0.709,0.9408949999999999,0.07615860452752443,0.9561586045275244,0.2
2005-07-01,0.55311126,0.9130161372733334,0.61,0.8745416666666668,0.016604,0.7936373916666667,0.671,0.902895,0.08421655892556501,0.964216558925565,0.08
2005-08-01,0.58182484,0.9417297172733334,0.6,0.8645416666666668,-0.019117,0.7579163916666667,0.666,0.897895,0.029087053822930642,0.9090870538229306,0.06
2005-09-01,0.6307081,0.9906129772733334,0.71,0.9745416666666666,0.074256,0.8512893916666667,0.734,0.965895,0.12946350790219796,1.0094635079021979,-0.12
2005-10-01,0.6800288,1.0399336772733334,0.76,1.0245416666666667,0.099169,0.8762023916666667,0.85,1.0818949999999998,0.17169016277084737,1.0516901627708473,-0.07
2005-11-01,0.63569015,0.9955950272733334,0.74,1.0045416666666667,0.11773,0.8947633916666667,0.77,1.001895,0.13156895671486346,1.0115689567148634,-0.54
2005-12-01,0.5945577,0.9544625772733333,0.67,0.9345416666666668,0.100931,0.8779643916666667,0.767,0.998895,0.10100954506177473,0.9810095450617747,-0.8
2006-01-01,0.49429783,0.8542027072733334,0.56,0.8245416666666667,-0.028703,0.7483303916666667,0.611,0.842895,-0.04298467707667086,0.8370153229233291,-0.93
2006-02-01,0.6356281,0.9955329772733335,0.74,1.0045416666666667,0.094388,0.8714213916666668,0.778,1.009895,0.08986806627377142,0.9698680662737714,-0.67
2006-03-01,0.5312651,0.8911699772733335,0.63,0.8945416666666668,-0.032249,0.7447843916666668,0.649,0.880895,-0.011551275548374207,0.8684487244516258,-0.66
2006-04-01,0.47580233,0.8357072072733334,0.47,0.7345416666666666,-0.098551,0.6784823916666667,0.551,0.782895,-0.07027595249115315,0.8097240475088469,-0.28
2006-05-01,0.4637566,0.8236614772733334,0.48,0.7445416666666667,-0.050306,0.7267273916666668,0.527,0.758895,-0.0719478719457527,0.8080521280542473,-0.06
2006-06-01,0.56983924,0.9297441172733334,0.66,0.9245416666666668,0.025706,0.8027393916666667,0.69,0.9218949999999999,0.08079319089923231,0.9607931908992323,0.08
2006-07-01,0.4757867,0.8356915772733333,0.54,0.8045416666666667,-0.034289,0.7427443916666667,0.562,0.793895,0.0026798429951249148,0.8826798429951249,-0.01
2006-08-01,0.6308538,0.9907586772733334,0.71,0.9745416666666666,0.084319,0.8613523916666668,0.728,0.9598949999999999,0.07079791997136553,0.9507979199713655,0.33
2006-09-01,0.54495335,0.9048582272733334,0.66,0.9245416666666668,0.038992,0.8160253916666668,0.646,0.877895,0.048157094385555155,0.9281570943855552,0.53
2006-10-01,0.609452,0.9693568772733334,0.7,0.9645416666666666,0.051996,0.8290293916666668,0.739,0.970895,0.13755810103349475,1.0175581010334946,0.65
2006-11-01,0.65476,1.0146648772733333,0.73,0.9945416666666667,0.044619,0.8216523916666667,0.724,0.9558949999999999,0.10090376524008171,0.9809037652400817,0.85
2006-12-01,0.7094977,1.0694025772733333,0.79,1.0545416666666667,0.164374,0.9414073916666668,0.842,1.0738949999999998,0.1945079778666674,1.0745079778666673,1.1
2007-01-01,0.88863593,1.2485408072733333,1.01,1.2745416666666667,0.265508,1.0425413916666668,0.957,1.188895,0.3640125983495217,1.2440125983495216,0.75
2007-02-01,0.6300248,0.9899296772733335,0.7,0.9645416666666666,0.037534,0.8145673916666667,0.741,0.972895,0.08833661784627189,0.9683366178462719,0.11
2007-03-01,0.5826554,0.9425602772733335,0.71,0.9745416666666666,-0.007648,0.7693853916666668,0.667,0.898895,0.0011416684292662183,0.8811416684292662,-0.08
2007-04-01,0.7175149,1.0774197772733334,0.77,1.0345416666666667,0.130381,0.9074143916666667,0.819,1.050895,0.17312202137248356,1.0531220213724835,-0.1
2007-05-01,0.5720361,0.9319409772733334,0.69,0.9545416666666666,0.032892,0.8099253916666668,0.663,0.894895,0.08322271960290095,0.963222719602901,-0.43
2007-06-01,0.49677128,0.8566761572733333,0.61,0.8745416666666668,-0.020498,0.7565353916666667,0.619,0.850895,-0.023361485118226,0.856638514881774,-0.14
2007-07-01,0.5594419,0.9193467772733335,0.59,0.8545416666666668,0.007509,0.7845423916666667,0.652,0.883895,0.005816943496487426,0.8858169434964874,-0.41
2007-08-01,0.57933515,0.9392400272733334,0.6,0.8645416666666668,-0.038569,0.7384643916666668,0.585,0.8168949999999999,-0.01881637924822499,0.861183620751775,-0.58
2007-09-01,0.5063603,0.8662651772733334,0.6,0.8645416666666668,-0.018034,0.7589993916666667,0.544,0.775895,-0.09002304174002873,0.7899769582599713,-0.86
2007-10-01,0.55341154,0.9133164172733335,0.59,0.8545416666666668,-0.027195,0.7498383916666668,0.666,0.897895,-0.013896255597568796,0.8661037444024312,-1.19
2007-11-01,0.52830535,0.8882102272733334,0.59,0.8545416666666668,-0.067287,0.7097463916666668,0.587,0.8188949999999999,-0.038997811659351456,0.8410021883406485,-1.42
2007-12-01,0.41167715,0.7715820272733334,0.49,0.7545416666666667,-0.136605,0.6404283916666668,0.516,0.747895,-0.0890691738764211,0.7909308261235789,-1.18
2008-01-01,0.20360349,0.5635083672733334,0.3,0.5645416666666667,-0.363074,0.41395939166666673,0.267,0.498895,-0.32783006425341554,0.5521699357465845,-1.59
2008-02-01,0.26035023,0.6202551072733333,0.38,0.6445416666666668,-0.330964,0.44606939166666676,0.322,0.553895,-0.3208977079925095,0.5591022920074905,-1.49
2008-03-01,0.6033574,0.9632622772733335,0.75,1.0145416666666667,0.022211,0.7992443916666667,0.645,0.876895,0.01873176467180926,0.8987317646718093,-0.94
2008-04-01,0.44062537,0.8005302472733333,0.54,0.8045416666666667,-0.132882,0.6441513916666668,0.539,0.770895,-0.12625773637017268,0.7537422636298273,-0.85
2008-05-01,0.42777696,0.7876818372733334,0.5,0.7645416666666667,-0.085493,0.6915403916666667,0.519,0.750895,-0.10496216376267853,0.7750378362373215,-0.69
2008-06-01,0.37749237,0.7373972472733334,0.49,0.7545416666666667,-0.128113,0.6489203916666667,0.496,0.727895,-0.1978338308710299,0.6821661691289701,-0.64
2008-07-01,0.5309064,0.8908112772733334,0.6,0.8645416666666668,0.000682,0.7777153916666667,0.611,0.842895,-0.024431633274328846,0.8555683667256712,-0.27
2008-08-01,0.45174506,0.8116499372733333,0.45,0.7145416666666667,-0.071681,0.7053523916666667,0.558,0.789895,-0.0799398704128329,0.8000601295871671,-0.07
2008-09-01,0.54513425,0.9050391272733334,0.6,0.8645416666666668,-0.015824,0.7612093916666668,0.606,0.837895,-0.030299166603402483,0.8497008333965975,-0.24
2008-10-01,0.5895494,0.9494542772733334,0.67,0.9345416666666668,0.051688,0.8287213916666667,0.704,0.9358949999999999,0.03614727616740154,0.9161472761674015,-0.2
2008-11-01,0.6174672,0.9773720772733334,0.69,0.9545416666666666,0.064429,0.8414623916666667,0.683,0.914895,0.0516739313185095,0.9316739313185095,-0.35
2008-12-01,0.4622681,0.8221729772733334,0.54,0.8045416666666667,-0.014806,0.7622273916666668,0.578,0.8098949999999999,-0.04473561155125694,0.8352643884487431,-0.82
2009-01-01,0.5804605,0.9403653772733334,0.65,0.9145416666666668,0.049964,0.8269973916666667,0.684,0.915895,0.05998567156069967,0.9399856715606997,-0.8
2009-02-01,0.45728397,0.8171888472733333,0.53,0.7945416666666667,-0.11471,0.6623233916666668,0.571,0.8028949999999999,-0.034815147832199855,0.8451848521678001,-0.6
2009-03-01,0.4391927,0.7990975772733333,0.53,0.7945416666666667,-0.147939,0.6290943916666667,0.482,0.713895,-0.12066001267915638,0.7593399873208436,-0.62
2009-04-01,0.52070826,0.8806131372733335,0.61,0.8745416666666668,-0.081797,0.6952363916666667,0.592,0.8238949999999999,-0.05937981472401965,0.8206201852759804,-0.16
2009-05-01,0.5476228,0.9075276772733334,0.65,0.9145416666666668,0.018572,0.7956053916666668,0.619,0.850895,-0.003856522994539091,0.8761434770054609,0.18
2009-06-01,0.62048054,0.9803854172733333,0.64,0.9045416666666668,0.079987,0.8570203916666668,0.708,0.9398949999999999,0.003982950589506373,0.8839829505895064,0.42
2009-07-01,0.67611057,1.0360154472733334,0.74,1.0045416666666667,0.135179,0.9122123916666667,0.791,1.022895,0.1376371520271995,1.0176371520271994,0.53
2009-08-01,0.6188574,0.9787622772733333,0.69,0.9545416666666666,0.087577,0.8646103916666668,0.71,0.9418949999999999,0.04460086294460197,0.924600862944602,0.69
2009-09-01,0.67671627,1.0366211472733333,0.72,0.9845416666666666,0.138432,0.9154653916666667,0.712,0.9438949999999999,0.10373847005457648,0.9837384700545765,0.71
2009-10-01,0.6174343,0.9773391772733333,0.65,0.9145416666666668,0.06593,0.8429633916666668,0.736,0.967895,0.07977349010177548,0.9597734901017755,0.92
2009-11-01,0.69351435,1.0534192272733334,0.8,1.0645416666666667,0.124633,0.9016663916666667,0.784,1.015895,0.14096986755229146,1.0209698675522914,1.43
2009-12-01,0.6317102,0.9916150772733334,0.67,0.9345416666666668,0.088672,0.8657053916666667,0.755,0.986895,0.06869123513994069,0.9486912351399407,1.68
2010-01-01,0.7062965,1.0662013772733334,0.75,1.0145416666666667,0.123122,0.9001553916666667,0.797,1.028895,0.19407010656079038,1.0740701065607903,1.53
2010-02-01,0.7791074,1.1390122772733333,0.84,1.1045416666666668,0.160501,0.9375343916666667,0.871,1.102895,0.22214105134390216,1.102141051343902,1.19
2010-03-01,0.85140246,1.2113073372733334,0.92,1.1845416666666668,0.207631,0.9846643916666667,0.877,1.108895,0.2686530103011755,1.1486530103011754,1.11
2010-04-01,0.8191074,1.1790122772733334,0.85,1.1145416666666668,0.21964,0.9966733916666668,0.914,1.1458949999999999,0.25225322917083837,1.1322532291708383,0.59
2010-05-01,0.7077413,1.0676461772733334,0.75,1.0145416666666667,0.166807,0.9438403916666668,0.769,1.0008949999999999,0.19857239302316998,1.0785723930231699,-0.11
2010-06-01,0.64300805,1.0029129272733335,0.67,0.9345416666666668,0.091398,0.8684313916666667,0.709,0.9408949999999999,0.08608071854640187,0.9660807185464019,-0.55
2010-07-01,0.61116266,0.9710675372733333,0.63,0.8945416666666668,0.070658,0.8476913916666667,0.661,0.892895,0.05137112001233746,0.9313711200123375,-0.92
2010-08-01,0.6089111,0.9688159772733334,0.67,0.9345416666666668,0.034554,0.8115873916666667,0.705,0.9368949999999999,0.046030511844488586,0.9260305118444886,-1.21
2010-09-01,0.5601859,0.9200907772733333,0.63,0.8945416666666668,0.029303,0.8063363916666667,0.664,0.895895,0.09863038903558774,0.9786303890355877,-1.31
2010-10-01,0.6385869,0.9984917772733333,0.71,0.9745416666666666,0.058126,0.8351593916666668,0.766,0.997895,0.11543382091041465,0.9954338209104147,-1.41
2010-11-01,0.7283444,1.0882492772733334,0.81,1.0745416666666667,0.145462,0.9224953916666667,0.774,1.005895,0.13440443670490332,1.0144044367049032,-1.44
2010-12-01,0.42991576,0.7898206372733334,0.45,0.7145416666666667,-0.100445,0.6765883916666667,0.553,0.784895,-0.10178878872576647,0.7782112112742335,-1.21
2011-01-01,0.45194185,0.8118467272733334,0.52,0.7845416666666667,-0.067738,0.7092953916666668,0.563,0.7948949999999999,-0.09017301257000199,0.789826987429998,-1.48
2011-02-01,0.4231247,0.7830295772733333,0.47,0.7345416666666666,-0.138414,0.6386193916666667,0.537,0.768895,-0.1762215939222589,0.7037784060777411,-1.19
2011-03-01,0.54888946,0.9087943372733334,0.66,0.9245416666666668,-0.028799,0.7482343916666667,0.635,0.866895,-0.0587462751863832,0.8212537248136168,-0.83
2011-04-01,0.5910206,0.9509254772733333,0.64,0.9045416666666668,0.021635,0.7986683916666667,0.665,0.896895,0.014256987790252751,0.8942569877902528,-0.76
2011-05-01,0.43807426,0.7979791372733334,0.53,0.7945416666666667,-0.051649,0.7253843916666667,0.543,0.774895,-0.04168263712014664,0.8383173628798534,-0.39
2011-06-01,0.54148525,0.9013901272733333,0.63,0.8945416666666668,0.013455,0.7904883916666667,0.672,0.903895,0.021262857528217438,0.9012628575282174,-0.31
2011-07-01,0.63934773,0.9992526072733334,0.7,0.9645416666666666,0.108612,0.8856453916666668,0.754,0.985895,0.1417874912744459,1.0217874912744458,-0.19
2011-08-01,0.65079045,1.0106953272733334,0.75,1.0145416666666667,0.086469,0.8635023916666668,0.744,0.975895,0.11068691878733361,0.9906869187873336,-0.42
2011-09-01,0.5358321,0.8957369772733335,0.56,0.8245416666666667,0.00676,0.7837933916666667,0.601,0.8328949999999999,0.04744220827155843,0.9274422082715584,-0.67
2011-10-01,0.57430154,0.9342064172733333,0.65,0.9145416666666668,0.037672,0.8147053916666668,0.691,0.9228949999999999,0.02970818992269031,0.9097081899226903,-0.71
2011-11-01,0.5068129,0.8667177772733334,0.59,0.8545416666666668,-0.071238,0.7057953916666667,0.572,0.8038949999999999,-0.09435512655343281,0.7856448734465672,-0.98
2011-12-01,0.48978385,0.8496887272733333,0.6,0.8645416666666668,-0.019618,0.7574153916666667,0.588,0.8198949999999999,-0.03789911484701847,0.8421008851529815,-0.99
2012-01-01,0.36472008,0.7246249572733334,0.47,0.7345416666666666,-0.125468,0.6515653916666667,0.441,0.672895,-0.16466646622665948,0.7153335337733405,-0.65
2012-02-01,0.45565945,0.8155643272733334,0.48,0.7445416666666667,-0.140009,0.6370243916666667,0.499,0.730895,-0.17914129649585142,0.7008587035041486,-0.55
2012-03-01,0.41596338,0.7758682572733333,0.57,0.8345416666666667,-0.148189,0.6288443916666667,0.478,0.7098949999999999,-0.13665697209968997,0.74334302790031,-0.44
2012-04-01,0.60344976,0.9633546372733333,0.73,0.9945416666666667,0.06893,0.8459633916666668,0.702,0.9338949999999999,0.05461995268604447,0.9346199526860445,-0.51
2012-05-01,0.6515295,1.0114343772733334,0.78,1.0445416666666667,0.141624,0.9186573916666667,0.752,0.983895,0.17325884428490212,1.053258844284902,-0.19
2012-06-01,0.62511885,0.9850237272733333,0.64,0.9045416666666668,0.094606,0.8716393916666667,0.733,0.964895,0.11904049769750102,0.999040497697501,0.24
2012-07-01,0.565905,0.9258098772733334,0.59,0.8545416666666668,0.036663,0.8136963916666667,0.591,0.8228949999999999,0.04011285177341861,0.9201128517734186,0.27
2012-08-01,0.6451753,1.0050801772733333,0.66,0.9245416666666668,0.057382,0.8344153916666668,0.695,0.9268949999999999,0.07621402561050772,0.9562140256105077,0.68
2012-09-01,0.63515013,0.9950550072733333,0.72,0.9845416666666666,0.118206,0.8952393916666668,0.729,0.9608949999999999,0.11319194398528154,0.9931919439852815,0.44
2012-10-01,0.72388357,1.0837884472733335,0.79,1.0545416666666667,0.15156,0.9285933916666668,0.866,1.0978949999999998,0.21954833679534502,1.099548336795345,0.36
2012-11-01,0.71575254,1.0756574172733333,0.78,1.0445416666666667,0.123906,0.9009393916666667,0.792,1.023895,0.19641281787190756,1.0764128178719075,0.5
2012-12-01,0.45583293,0.8157378072733334,0.53,0.7945416666666667,-0.088123,0.6889103916666668,0.562,0.793895,-0.03248835174295195,0.8475116482570481,-0.47
2013-01-01,0.6023924,0.9622972772733334,0.71,0.9745416666666666,0.06247,0.8395033916666668,0.69,0.9218949999999999,0.14671730307867747,1.0267173030786774,-0.48
2013-02-01,0.5188979,0.8788027772733333,0.62,0.8845416666666668,-0.062128,0.7149053916666668,0.594,0.8258949999999999,0.015587563132958948,0.895587563132959,-0.48
2013-03-01,0.5759768,0.9358816772733334,0.67,0.9345416666666668,-0.039813,0.7372203916666668,0.611,0.842895,0.0236686485658133,0.9036686485658133,-0.22
2013-04-01,0.5657159,0.9256207772733334,0.53,0.7945416666666667,-0.047322,0.7297113916666668,0.586,0.8178949999999999,-0.035758076813005246,0.8442419231869948,0.11
2013-05-01,0.5511463,0.9110511772733334,0.6,0.8645416666666668,0.057849,0.8348823916666668,0.622,0.853895,0.021655072930940378,0.9016550729309404,-0.3
2013-06-01,0.65639806,1.0163029372733334,0.69,0.9545416666666666,0.110896,0.8879293916666667,0.71,0.9418949999999999,0.10788013950726238,0.9878801395072624,-0.34
2013-07-01,0.5848219,0.9447267772733334,0.6,0.8645416666666668,0.031369,0.8084023916666667,0.585,0.8168949999999999,-0.026237525297684527,0.8537624747023155,-0.26
2013-08-01,0.6361887,0.9960935772733335,0.7,0.9645416666666666,0.073323,0.8503563916666668,0.694,0.9258949999999999,0.05428332249720924,0.9342833224972092,-0.47
2013-09-01,0.7189991,1.0789039772733333,0.76,1.0245416666666667,0.141627,0.9186603916666667,0.776,1.007895,0.16925478505863722,1.0492547850586371,0.05
2013-10-01,0.6478542,1.0077590772733334,0.69,0.9545416666666666,0.046904,0.8239373916666668,0.679,0.910895,0.0504762324716701,0.9304762324716701,-0.15
2013-11-01,0.7648822,1.1247870772733333,0.83,1.0945416666666667,0.170859,0.9478923916666667,0.819,1.050895,0.1494753833892215,1.0294753833892214,-0.09
2013-12-01,0.6004462,0.9603510772733335,0.7,0.9645416666666666,0.094173,0.8712063916666668,0.716,0.9478949999999999,0.12597365544931804,1.005973655449318,-0.18
2014-01-01,0.6644925,1.0243973772733335,0.76,1.0245416666666667,0.130088,0.9071213916666667,0.74,0.971895,0.12660088103968192,1.0066008810396818,-0.49
2014-02-01,0.48310423,0.8430091072733334,0.55,0.8145416666666667,-0.078107,0.6989263916666667,0.554,0.785895,-0.09532440928210839,0.7846755907178916,-0.85
2014-03-01,0.68063176,1.0405366372733333,0.78,1.0445416666666667,0.122467,0.8995003916666667,0.708,0.9398949999999999,0.09095858606199769,0.9709585860619977,-0.34
2014-04-01,0.7296757,1.0895805772733334,0.81,1.0745416666666667,0.136187,0.9132203916666668,0.771,1.002895,0.10923063754740348,0.9892306375474035,0.18
2014-05-01,0.7280316,1.0879364772733333,0.86,1.1245416666666668,0.217294,0.9943273916666667,0.8,1.031895,0.18290915147761666,1.0629091514776166,0.45
2014-06-01,0.613844,0.9737488772733334,0.67,0.9345416666666668,0.115621,0.8926543916666667,0.684,0.915895,0.07207786065056965,0.9520778606505697,0.47
2014-07-01,0.58130425,0.9412091272733334,0.58,0.8445416666666667,0.050459,0.8274923916666668,0.631,0.862895,0.06585894964013406,0.9458589496401341,-0.03
2014-08-01,0.7285824,1.0884872772733334,0.83,1.0945416666666667,0.206389,0.9834223916666667,0.829,1.060895,0.1348044664311452,1.014804466431145,-0.01
2014-09-01,0.7607206,1.1206254772733333,0.88,1.1445416666666668,0.199204,0.9762373916666667,0.856,1.087895,0.18417838855129887,1.0641783885512988,0.31
2014-10-01,0.73782265,1.0977275272733333,0.8,1.0645416666666667,0.15466,0.9316933916666668,0.832,1.063895,0.16361127089497884,1.0436112708949787,0.43
2014-11-01,0.6285649,0.9884697772733333,0.67,0.9345416666666668,0.041977,0.8190103916666668,0.65,0.881895,0.05113942213316669,0.9311394221331667,0.75
2014-12-01,0.6775346,1.0374394772733333,0.79,1.0545416666666667,0.195189,0.9722223916666668,0.777,1.0088949999999999,0.18814106361773852,1.0681410636177384,0.63
2015-01-01,0.7321615,1.0920663772733334,0.86,1.1245416666666668,0.19326,0.9702933916666667,0.813,1.044895,0.19282712340453045,1.0728271234045303,0.51
2015-02-01,0.77294207,1.1328469472733333,0.91,1.1745416666666668,0.199595,0.9766283916666667,0.845,1.076895,0.19906064970843396,1.0790606497084338,0.75
2015-03-01,0.78735584,1.1472607172733333,0.96,1.2245416666666666,0.24029,1.0173233916666669,0.844,1.075895,0.22855331806196588,1.1085533180619658,0.44
2015-04-01,0.68427825,1.0441831272733333,0.75,1.0145416666666667,0.156521,0.9335543916666668,0.785,1.0168949999999999,0.0571987473282487,0.9371987473282487,0.82
2015-05-01,0.72582626,1.0857311372733334,0.8,1.0645416666666667,0.205863,0.9828963916666668,0.826,1.0578949999999998,0.17629929584037995,1.0562992958403798,0.83
2015-06-01,0.75182515,1.1117300272733335,0.81,1.0745416666666667,0.244867,1.0219003916666667,0.836,1.067895,0.18568823088186903,1.065688230881869,1.02
2015-07-01,0.70957303,1.0694779072733334,0.73,0.9945416666666667,0.17988,0.9569133916666668,0.81,1.041895,0.15302390418304768,1.0330239041830476,1.26
2015-08-01,0.7993598,1.1592646772733333,0.8,1.0645416666666667,0.208887,0.9859203916666668,0.883,1.114895,0.24135218315592155,1.1213521831559214,1.65
2015-09-01,0.8178825,1.1777873772733334,0.84,1.1045416666666668,0.292055,1.0690883916666667,0.89,1.1218949999999999,0.2667824391335323,1.1467824391335322,1.79
2015-10-01,1.0136715,1.3735763772733334,1.07,1.3345416666666667,0.423071,1.2001043916666667,1.082,1.313895,0.4410598886025703,1.3210598886025702,2.21
2015-11-01,0.9854569,1.3453617772733333,1.06,1.3245416666666667,0.399605,1.1766383916666667,0.998,1.229895,0.3856698881498115,1.2656698881498114,2.72
2015-12-01,1.0350728,1.3949776772733333,1.17,1.4345416666666666,0.489058,1.2660913916666667,1.156,1.3878949999999999,0.5394534800794624,1.4194534800794623,2.39
2016-01-01,1.0793391,1.4392439772733334,1.18,1.4445416666666666,0.543372,1.3204053916666667,1.171,1.402895,0.5517591735396117,1.4317591735396116,2.47
2016-02-01,1.2160529,1.5759577772733333,1.37,1.6345416666666668,0.662902,1.4399353916666668,1.279,1.5108949999999999,0.6874777947435344,1.5674777947435343,2.23
2016-03-01,1.1763788,1.5362836772733333,1.35,1.6145416666666668,0.633578,1.4106113916666667,1.246,1.477895,0.6260893877280687,1.5060893877280686,1.61
2016-04-01,1.0230471,1.3829519772733334,1.09,1.3545416666666668,0.469509,1.2465423916666667,1.11,1.341895,0.5301448001087632,1.410144800108763,0.98
2016-05-01,0.8734111,1.2333159772733333,0.95,1.2145416666666666,0.340002,1.1170353916666667,0.98,1.211895,0.41514754085019945,1.2951475408501993,0.27
2016-06-01,0.7690977,1.1290025772733334,0.81,1.0745416666666667,0.22932,1.0063533916666667,0.874,1.1058949999999999,0.26120499977010425,1.1412049997701041,0.02
2016-07-01,0.7611742,1.1210790772733334,0.84,1.1045416666666668,0.270527,1.0475603916666667,0.914,1.1458949999999999,0.35913634369194725,1.2391363436919471,-0.42
2016-08-01,0.93965346,1.2995583372733335,1.01,1.2745416666666667,0.376756,1.1537893916666668,1.033,1.2648949999999999,0.4008938030209457,1.2808938030209456,-0.49
2016-09-01,0.8369077,1.1968125772733333,0.9,1.1645416666666668,0.327043,1.1040763916666667,0.926,1.157895,0.35721741471600055,1.2372174147160004,-0.43
2016-10-01,0.81167483,1.1715797072733334,0.87,1.1345416666666668,0.230056,1.0070893916666668,0.973,1.204895,0.3408177390889371,1.220817739088937,-0.7
2016-11-01,0.838984,1.1988888772733333,0.91,1.1745416666666668,0.298918,1.0759513916666668,0.947,1.1788949999999998,0.4045187042278027,1.2845187042278026,-0.64
2016-12-01,0.7721099,1.1320147772733333,0.86,1.1245416666666668,0.288701,1.0657343916666666,0.935,1.166895,0.33531838634755573,1.2153183863475556,-0.33
2017-01-01,0.94698364,1.3068885172733333,1.02,1.2845416666666667,0.424275,1.2013083916666667,1.028,1.259895,0.4038084741194474,1.2838084741194473,-0.26
2017-02-01,1.06224,1.4221448772733334,1.13,1.3945416666666666,0.463956,1.2409893916666668,1.132,1.3638949999999999,0.4994649815975034,1.3794649815975033,0.1
2017-03-01,1.0444211,1.4043259772733334,1.16,1.4245416666666666,0.43508,1.2121133916666667,1.154,1.3858949999999999,0.4999813778889397,1.3799813778889396,0.21
2017-04-01,0.83518696,1.1950918372733335,0.93,1.1945416666666668,0.310743,1.0877763916666667,0.948,1.179895,0.3290084684393886,1.2090084684393885,0.36
2017-05-01,0.77547586,1.1353807372733333,0.91,1.1745416666666668,0.3128,1.0898333916666667,0.936,1.1678950000000001,0.3727991809658704,1.2527991809658703,0.42
2017-06-01,0.6497448,1.0096496772733334,0.71,0.9745416666666666,0.17999,0.9570233916666667,0.774,1.005895,0.20197116674957627,1.0819711667495762,0.39
2017-07-01,0.7934789,1.1533837772733333,0.82,1.0845416666666667,0.269399,1.0464323916666667,0.847,1.078895,0.26418386006713845,1.1441838600671383,0.28
2017-08-01,0.80190206,1.1618069372733333,0.87,1.1345416666666668,0.279441,1.0564743916666668,0.907,1.138895,0.2956297481636021,1.175629748163602,-0.06
2017-09-01,0.72270304,1.0826079172733334,0.74,1.0045416666666667,0.25641,1.0334433916666668,0.806,1.037895,0.2787080095272465,1.1587080095272464,-0.32
2017-10-01,0.804107,1.1640118772733334,0.88,1.1445416666666668,0.294682,1.0717153916666669,0.912,1.143895,0.3590100961053402,1.23901009610534,-0.37
2017-11-01,0.7947836,1.1546884772733335,0.87,1.1345416666666668,0.264183,1.0412163916666668,0.833,1.064895,0.2476701040112399,1.1276701040112398,-0.91
2017-12-01,0.8064542,1.1663590772733334,0.93,1.1945416666666668,0.363355,1.1403883916666668,0.912,1.143895,0.3715394483638512,1.2515394483638511,-0.93
2018-01-01,0.7073131,1.0672179772733335,0.82,1.0845416666666667,0.231809,1.0088423916666667,0.814,1.0458949999999998,0.24095375216859694,1.1209537521685968,-0.7
2018-02-01,0.77632046,1.1362253372733333,0.85,1.1145416666666668,0.258817,1.0358503916666668,0.852,1.083895,0.2628889889877595,1.1428889889877594,-0.67
2018-03-01,0.77567875,1.1355836272733333,0.88,1.1445416666666668,0.217626,0.9946593916666667,0.844,1.075895,0.2731376240754848,1.1531376240754847,-0.73
2018-04-01,0.81080973,1.1707146072733334,0.88,1.1445416666666668,0.273635,1.0506683916666668,0.907,1.138895,0.304823497992464,1.184823497992464,-0.49
2018-05-01,0.70138663,1.0612915072733333,0.81,1.0745416666666667,0.258462,1.0354953916666667,0.813,1.044895,0.25080040817331906,1.130800408173319,-0.11
2018-06-01,0.72678655,1.0866914272733335,0.76,1.0245416666666667,0.209212,0.9862453916666667,0.818,1.0498949999999998,0.224696363507082,1.104696363507082,0.15
2018-07-01,0.724247,1.0841518772733334,0.83,1.0945416666666667,0.243494,1.0205273916666666,0.856,1.087895,0.27696645793730923,1.1569664579373091,0.22
2018-08-01,0.7335323,1.0934371772733333,0.78,1.0445416666666667,0.214226,0.9912593916666668,0.834,1.0658949999999998,0.20793773097664925,1.0879377309766491,0.28
2018-09-01,0.6765538,1.0364586772733333,0.8,1.0645416666666667,0.207333,0.9843663916666667,0.793,1.024895,0.19974840138372585,1.0797484013837257,0.33
2018-10-01,0.8581914,1.2180962772733335,1.02,1.2845416666666667,0.394323,1.1713563916666667,0.974,1.205895,0.35447133543424414,1.234471335434244,0.86
2018-11-01,0.7319398,1.0918446772733335,0.83,1.0945416666666667,0.230059,1.0070923916666668,0.804,1.035895,0.23887570484121134,1.1188757048412112,0.86
2018-12-01,0.8156231,1.1755279772733334,0.93,1.1945416666666668,0.351727,1.1287603916666669,0.928,1.1598950000000001,0.331366404192611,1.2113664041926109,0.9
2019-01-01,0.81320333,1.1731082072733334,0.93,1.1945416666666668,0.327464,1.1044973916666667,0.893,1.124895,0.28424985239223943,1.1642498523922393,0.67
2019-02-01,0.8345083,1.1944131772733333,0.95,1.2145416666666666,0.276648,1.0536813916666667,0.922,1.153895,0.3088375562916834,1.1888375562916833,0.71
2019-03-01,1.0769377,1.4368425772733333,1.17,1.4345416666666666,0.492219,1.2692523916666667,1.127,1.358895,0.508625660671651,1.388625660671651,0.97
2019-04-01,0.9251246,1.2850294772733333,1.01,1.2745416666666667,0.413417,1.1904503916666667,1.03,1.261895,0.4368222621305389,1.3168222621305388,0.72
2019-05-01,0.7765612,1.1364660772733333,0.86,1.1245416666666668,0.330722,1.1077553916666667,0.886,1.1178949999999999,0.35693513754247874,1.2369351375424786,0.75
2019-06-01,0.80784696,1.1677518372733333,0.9,1.1645416666666668,0.328714,1.1057473916666667,0.886,1.1178949999999999,0.3694005483932479,1.2494005483932478,0.6
2019-07-01,0.8514621,1.2113669772733333,0.94,1.2045416666666666,0.351112,1.1281453916666666,0.948,1.179895,0.39681793599419635,1.2768179359941962,0.42
2019-08-01,0.83638346,1.1962883372733333,0.95,1.2145416666666666,0.351379,1.1284123916666666,0.935,1.166895,0.3556181686009232,1.235618168600923,0.15
2019-09-01,0.81338805,1.1732929272733335,0.93,1.1945416666666668,0.345912,1.1229453916666667,0.871,1.102895,0.37901597485911154,1.2590159748591114,-0.01
2019-10-01,0.9540598,1.3139646772733333,1.0,1.2645416666666667,0.439102,1.2161353916666666,1.081,1.312895,0.4522496999950256,1.3322496999950255,0.52
2019-11-01,0.93300694,1.2929118172733334,0.99,1.2545416666666667,0.387495,1.1645283916666667,0.965,1.196895,0.4050008002447836,1.2850008002447835,0.46
2019-12-01,1.0256363,1.3855411772733333,1.11,1.3745416666666668,0.545092,1.3221253916666669,1.105,1.336895,0.5387110125216488,1.4187110125216487,0.44
2020-01-01,1.0581361,1.4180409772733333,1.18,1.4445416666666666,0.557323,1.3343563916666668,1.142,1.3738949999999999,0.5807192860710906,1.4607192860710905,0.52
2020-02-01,1.1096845,1.4695893772733333,1.24,1.5045416666666667,0.566564,1.3435973916666666,1.172,1.403895,0.5997827560916615,1.4797827560916614,0.35
2020-03-01,1.0748293,1.4347341772733333,1.18,1.4445416666666666,0.459999,1.2370323916666668,1.101,1.332895,0.48786119256633853,1.3678611925663384,0.46
2020-04-01,1.0499066,1.4098114772733332,1.12,1.3845416666666668,0.499828,1.2768613916666667,1.155,1.386895,0.5203517103590851,1.400351710359085,0.41
2020-05-01,0.8943686,1.2542734772733333,0.99,1.2545416666666667,0.41777,1.1948033916666667,0.978,1.209895,0.4664680896902098,1.3464680896902097,-0.21
2020-06-01,0.8112971,1.1712019772733333,0.91,1.1745416666666668,0.350727,1.1277603916666668,0.937,1.168895,0.3601865797351316,1.2401865797351315,-0.27
2020-07-01,0.8216897,1.1815945772733334,0.89,1.1545416666666668,0.3324,1.1094333916666668,0.948,1.179895,0.32445017868548476,1.2044501786854847,-0.14
2020-08-01,0.8095014,1.1694062772733333,0.86,1.1245416666666668,0.308594,1.0856273916666668,0.894,1.1258949999999999,0.2662278292456186,1.1462278292456185,-0.52
2020-09-01,0.86662817,1.2265330472733333,0.97,1.2345416666666666,0.387155,1.1641883916666669,0.956,1.187895,0.43366824819339556,1.3136682481933954,-0.64
2020-10-01,0.7992961,1.1592009772733334,0.87,1.1345416666666668,0.296611,1.0736443916666667,0.915,1.146895,0.3757277082664139,1.2557277082664138,-1.13
2020-11-01,1.0072402,1.3671450772733333,1.09,1.3545416666666668,0.459166,1.2361993916666667,1.084,1.315895,0.537422114846299,1.4174221148462989,-1.23
2020-12-01,0.6923482,1.0522530772733334,0.8,1.0645416666666667,0.226622,1.0036553916666668,0.827,1.058895,0.2352587030072506,1.1152587030072505,-0.99
2021-01-01,0.7069553,1.0668601772733333,0.82,1.0845416666666667,0.213745,0.9907783916666667,0.815,1.046895,0.24328538482683726,1.1232853848268372,-0.9
2021-02-01,0.5646604,0.9245652772733333,0.64,0.9045416666666668,0.00806,0.7850933916666667,0.637,0.868895,0.06086249710239677,0.9408624971023968,-0.87
2021-03-01,0.7373907,1.0972955772733333,0.89,1.1545416666666668,0.218265,0.9952983916666667,0.781,1.0128949999999999,0.18950709353070394,1.0695070935307038,-0.55
2021-04-01,0.7573432,1.1172480772733333,0.76,1.0245416666666667,0.173807,0.9508403916666668,0.806,1.037895,0.18995847034165614,1.069958470341656,-0.57
2021-05-01,0.6981885,1.0580933772733334,0.79,1.0545416666666667,0.236339,1.0133723916666668,0.823,1.054895,0.2576463332725041,1.137646333272504,-0.32
2021-06-01,0.7178367,1.0777415772733334,0.85,1.1145416666666668,0.253151,1.0301843916666669,0.833,1.064895,0.21328159659784163,1.0932815965978415,-0.04
2021-07-01,0.79101825,1.1509231272733333,0.92,1.1845416666666668,0.320521,1.0975543916666668,0.88,1.111895,0.33052381370510275,1.2105238137051026,-0.19
2021-08-01,0.8094147,1.1693195772733334,0.81,1.0745416666666667,0.2849,1.0619333916666667,0.923,1.154895,0.3106049234482917,1.1906049234482916,-0.28
2021-09-01,0.8746749,1.2345797772733333,0.92,1.1845416666666668,0.328976,1.1060093916666667,0.945,1.176895,0.4013515321127663,1.2813515321127662,-0.27
2021-10-01,0.9277659,1.2876707772733333,0.98,1.2445416666666667,0.372032,1.1490653916666667,1.048,1.279895,0.4214115713842723,1.3014115713842722,-0.77
2021-11-01,0.86438453,1.2242894072733335,0.92,1.1845416666666668,0.316543,1.0935763916666668,0.927,1.158895,0.3460625224207998,1.2260625224207997,-0.85
2021-12-01,0.7581195,1.1180243772733334,0.88,1.1445416666666668,0.288007,1.0650403916666669,0.858,1.0898949999999998,0.3221881081430844,1.2021881081430843,-1.05
2022-01-01,0.78163755,1.1415424272733334,0.91,1.1745416666666668,0.309,1.0860333916666667,0.877,1.108895,0.2776698155450994,1.1576698155450993,-0.83
2022-02-01,0.7527499,1.1126547772733333,0.89,1.1545416666666668,0.252669,1.0297023916666668,0.836,1.067895,0.22994650036299014,1.10994650036299,-0.71
2022-03-01,0.88982594,1.2497308172733335,1.04,1.3045416666666667,0.401718,1.1787513916666668,1.003,1.2348949999999999,0.39416036761205575,1.2741603676120556,-0.89
2022-04-01,0.76723105,1.1271359272733334,0.83,1.0945416666666667,0.252797,1.0298303916666667,0.859,1.090895,0.2835249071839083,1.1635249071839082,-0.95
2022-05-01,0.7497042,1.1096090772733334,0.84,1.1045416666666668,0.232824,1.0098573916666667,0.838,1.0698949999999998,0.2559222058568764,1.1359222058568763,-1.05
2022-06-01,0.8474858,1.2073906772733334,0.92,1.1845416666666668,0.336708,1.1137413916666667,0.983,1.2148949999999998,0.308073207016907,1.1880732070169069,-0.68
2022-07-01,0.7776266,1.1375314772733334,0.94,1.2045416666666666,0.325996,1.1030293916666667,0.941,1.172895,0.37698407839048187,1.2569840783904818,-0.62
2022-08-01,0.87531734,1.2352222172733334,0.95,1.2145416666666666,0.324378,1.1014113916666668,0.93,1.161895,0.29523093698901093,1.1752309369890108,-0.98
2022-09-01,0.8159531,1.1758579772733333,0.89,1.1545416666666668,0.269164,1.0461973916666667,0.914,1.1458949999999999,0.34985879967110733,1.2298587996711072,-0.93
2022-10-01,0.9506339,1.3105387772733335,0.97,1.2345416666666666,0.355898,1.1329313916666668,1.057,1.288895,0.4084745447223561,1.288474544722356,-0.85
2022-11-01,0.66873515,1.0286400272733334,0.73,0.9945416666666667,0.147316,0.9243493916666667,0.741,0.972895,0.16262811125264953,1.0426281112526494,-0.93
2022-12-01,0.7452199,1.1051247772733335,0.8,1.0645416666666667,0.232722,1.0097553916666668,0.898,1.1298949999999999,0.2703902953164494,1.1503902953164493,-0.84
2023-01-01,0.7827479,1.1426527772733335,0.88,1.1445416666666668,0.272233,1.0492663916666667,0.874,1.1058949999999999,0.24681214586638944,1.1268121458663893,-0.69
2023-02-01,0.8863414,1.2462462772733334,0.97,1.2345416666666666,0.36445,1.1414833916666667,0.935,1.166895,0.2925948872078319,1.1725948872078318,-0.44
2023-03-01,1.1294872,1.4893920772733333,1.23,1.4945416666666667,0.555975,1.3330083916666666,1.193,1.424895,0.5117547972720153,1.3917547972720152,-0.01
2023-04-01,0.9248374,1.2847422772733335,0.99,1.2545416666666667,0.36417,1.1412033916666666,1.035,1.2668949999999999,0.3204253234733354,1.2004253234733353,0.19
2023-05-01,0.8798387,1.2397435772733334,0.94,1.2045416666666666,0.376647,1.1536803916666667,0.991,1.2228949999999998,0.3952448729933451,1.275244872993345,0.47
2023-06-01,1.0592357,1.4191405772733332,1.08,1.3445416666666667,0.477894,1.2549273916666668,1.169,1.400895,0.5313694628221306,1.4113694628221305,0.88
2023-07-01,1.1611524,1.5210572772733333,1.19,1.4545416666666666,0.590822,1.3678553916666667,1.333,1.564895,0.7239732197745106,1.6039732197745105,1.07
2023-08-01,1.2126604,1.5725652772733334,1.19,1.4545416666666666,0.655845,1.4328783916666668,1.338,1.569895,0.70904232313978,1.5890423231397799,1.3
2023-09-01,1.3480984,1.7080032772733333,1.48,1.7445416666666667,0.803135,1.5801683916666667,1.483,1.714895,0.930757116091808,1.810757116091808,1.53
2023-10-01,1.3267326,1.6866374772733332,1.34,1.6045416666666668,0.742232,1.5192653916666667,1.415,1.646895,0.8487687383499072,1.728768738349907,1.59
2023-11-01,1.3420995,1.7020043772733333,1.4,1.6645416666666666,0.789066,1.5660993916666668,1.417,1.648895,0.8532776136098956,1.7332776136098955,1.9
2023-12-01,1.2644229,1.6243277772733333,1.36,1.6245416666666668,0.760092,1.5371253916666667,1.4,1.6318949999999999,0.8447014298773503,1.7247014298773502,1.99
2024-01-01,1.1458833,1.5057881772733333,1.25,1.5145416666666667,0.681834,1.4588673916666668,1.25,1.481895,0.6985253786949137,1.5785253786949136,1.78
2024-02-01,1.2756891,1.6355939772733332,1.43,1.6945416666666666,0.749502,1.5265353916666666,1.378,1.6098949999999999,0.8109231963592318,1.6909231963592317,1.53
2024-03-01,1.2211863,1.5810911772733334,1.39,1.6545416666666666,0.639596,1.4166293916666668,1.28,1.511895,0.7282674381613496,1.6082674381613495,1.24
2024-04-01,1.2070003,1.5669051772733333,1.31,1.5745416666666667,0.633173,1.4102063916666667,1.272,1.503895,0.6706729425926081,1.550672942592608,0.81
2024-05-01,1.0612608,1.4211656772733332,1.16,1.4245416666666666,0.564171,1.3412043916666667,1.162,1.3938949999999999,0.6518060713899274,1.5318060713899273,0.31
2024-06-01,1.0935905,1.4534953772733332,1.24,1.5045416666666667,0.589679,1.3667123916666668,1.239,1.470895,0.6743987717978435,1.5543987717978434,0.24
2024-07-01,1.1301341,1.4900389772733333,1.2,1.4645416666666666,0.608021,1.3850543916666669,1.234,1.465895,0.6781730249562123,1.5581730249562122,0.21
2024-08-01,1.2156285,1.5755333772733333,1.3,1.5645416666666667,0.647838,1.4248713916666667,1.293,1.524895,0.7105542292582037,1.5905542292582036,-0.07
2024-09-01,1.1434727,1.5033775772733333,1.23,1.4945416666666667,0.621031,1.3980643916666669,1.285,1.5168949999999999,0.7273068612301579,1.6073068612301578,-0.15
2024-10-01,1.2005678,1.5604726772733333,1.35,1.6145416666666668,0.705607,1.4826403916666666,1.37,1.601895,0.798868003761914,1.678868003761914,-0.28
2024-11-01,1.2102026,1.5701074772733332,1.29,1.5545416666666667,0.692861,1.4698943916666667,1.346,1.577895,0.7275353631433514,1.6075353631433513,-0.14
2024-12-01,1.1292105,1.4891153772733332,1.27,1.5345416666666667,0.660321,1.4373543916666667,1.288,1.519895,0.7586613822054211,1.638661382205421,-0.62
2025-01-01,1.2563721,1.6162769772733334,1.38,1.6445416666666666,0.694195,1.4712283916666666,1.352,1.583895,0.7873624169166682,1.667362416916668,-0.71
2025-02-01,1.1163671,1.4762719772733333,1.27,1.5345416666666667,0.578752,1.3557853916666667,1.257,1.4888949999999999,0.6268727713476832,1.506872771347683,-0.35
2025-03-01,1.1611763,1.5210811772733333,1.38,1.6445416666666666,0.64686,1.4238933916666667,1.274,1.505895,0.6495470709982492,1.529547070998249,0.1
2025-04-01,1.0904768,1.4503816772733333,1.24,1.5045416666666667,0.56625,1.3432833916666667,1.195,1.426895,0.6014491793194505,1.4814491793194504,-0.16
2025-05-01,0.952362,1.3122668772733335,1.08,1.3445416666666667,0.473495,1.2505283916666667,1.063,1.294895,0.5303959908604554,1.4103959908604553,-0.04
2025-06-01,0.88232994,1.2422348172733333,1.06,1.3245416666666667,0.362958,1.1399913916666669,1.045,1.276895,0.4738488148398865,1.3538488148398864,0.04
2025-07-01,0.9311091,1.2910139772733333,1.02,1.2845416666666667,0.382108,1.1591413916666666,1.023,1.2548949999999999,0.44827017933318203,1.328270179333182,-0.06
2025-08-01,1.015728,1.3756328772733333,1.17,1.4345416666666666,0.463323,1.2403563916666667,1.129,1.360895,0.48898290652635623,1.3689829065263561,-0.33
2025-09-01,1.1022607,1.4621655772733333,1.25,1.5145416666666667,0.527752,1.3047853916666667,1.236,1.467895,0.661873460581841,1.541873460581841,-0.44
2025-10-01,1.0901086,1.4500134772733333,1.19,1.4545416666666666,0.535609,1.3126423916666667,1.234,1.465895,0.6953276675496234,1.5753276675496233,-0.48
2025-11-01,1.0748013,1.4347061772733334,1.2,1.4645416666666666,0.520723,1.2977563916666668,1.21,1.441895,0.6482964189371838,1.5282964189371837,-0.68
2025-12-01,0.92453414,1.2844390172733333,1.07,1.3345416666666667,0.450234,1.2272673916666668,1.093,1.324895,0.486227234304895,1.366227234304895,-0.61
2026-01-01,0.997841,1.3577458772733333,1.08,1.3445416666666667,0.492445,1.2694783916666668,1.147,1.378895,0.5113534062592784,1.3913534062592783,-0.54
2026-02-01,1.0494999,1.4094047772733334,1.24,1.5045416666666667,0.511389,1.2884223916666668,1.224,1.455895,0.5314078208869599,1.4114078208869598,-0.2